"name","pos"
"10014_HCMC_NA",9
"10014_HCMC_NA",16
"10014_HCMC_NA",24
"10014_HCMC_NA",34
"10014_HCMC_NA",99
"10014_HCMC_NA",113
"10014_HCMC_NA",182
"10014_HCMC_NA",196
"10014_HCMC_NA",198
"10014_HCMC_NA",219
"10014_HCMC_NA",327
"10014_HCMC_NA",351
"10021_HCMC_2009",9
"10021_HCMC_2009",24
"10021_HCMC_2009",52
"10021_HCMC_2009",63
"10021_HCMC_2009",113
"10021_HCMC_2009",164
"10021_HCMC_2009",173
"10021_HCMC_2009",182
"10021_HCMC_2009",189
"10021_HCMC_2009",198
"10021_HCMC_2009",205
"10021_HCMC_2009",274
"10021_HCMC_2009",276
"10021_HCMC_2009",277
"10021_HCMC_2009",278
"10021_HCMC_2009",287
"10021_HCMC_2009",305
"10021_HCMC_2009",317
"10021_HCMC_NA",1
"10021_HCMC_NA",9
"10021_HCMC_NA",24
"10021_HCMC_NA",29
"10021_HCMC_NA",38
"10021_HCMC_NA",113
"10021_HCMC_NA",132
"10021_HCMC_NA",137
"10021_HCMC_NA",153
"10021_HCMC_NA",160
"10021_HCMC_NA",174
"10021_HCMC_NA",182
"10021_HCMC_NA",183
"10021_HCMC_NA",184
"10021_HCMC_NA",198
"10021_HCMC_NA",208
"10021_HCMC_NA",247
"10021_HCMC_NA",290
"10021_HCMC_NA",304
"10021_HCMC_NA",328
"10021_HCMC_NA",372
"10021_HCMC_NA",375
"10031_HCMC_2009",2
"10031_HCMC_2009",3
"10031_HCMC_2009",9
"10031_HCMC_2009",10
"10031_HCMC_2009",19
"10031_HCMC_2009",22
"10031_HCMC_2009",24
"10031_HCMC_2009",26
"10031_HCMC_2009",43
"10031_HCMC_2009",47
"10031_HCMC_2009",76
"10031_HCMC_2009",86
"10031_HCMC_2009",88
"10031_HCMC_2009",113
"10031_HCMC_2009",119
"10031_HCMC_2009",121
"10031_HCMC_2009",130
"10031_HCMC_2009",158
"10031_HCMC_2009",159
"10031_HCMC_2009",182
"10031_HCMC_2009",185
"10031_HCMC_2009",187
"10031_HCMC_2009",198
"10031_HCMC_2009",209
"10031_HCMC_2009",213
"10031_HCMC_2009",220
"10031_HCMC_2009",224
"10031_HCMC_2009",225
"10031_HCMC_2009",228
"10031_HCMC_2009",234
"10031_HCMC_2009",248
"10031_HCMC_2009",279
"10031_HCMC_2009",322
"10031_HCMC_2009",333
"10031_HCMC_2009",335
"10031_HCMC_2009",344
"10031_HCMC_2009",349
"10031_HCMC_2009",351
"10031_HCMC_NA",9
"10031_HCMC_NA",24
"10031_HCMC_NA",26
"10031_HCMC_NA",85
"10031_HCMC_NA",86
"10031_HCMC_NA",88
"10031_HCMC_NA",113
"10031_HCMC_NA",182
"10031_HCMC_NA",185
"10031_HCMC_NA",191
"10031_HCMC_NA",198
"10031_HCMC_NA",203
"10031_HCMC_NA",234
"10031_HCMC_NA",236
"10031_HCMC_NA",349
"10031_HCMC_NA",351
"10031_HCMC_NA",377
"10035_HCMC_2009",9
"10035_HCMC_2009",17
"10035_HCMC_2009",24
"10035_HCMC_2009",41
"10035_HCMC_2009",62
"10035_HCMC_2009",113
"10035_HCMC_2009",144
"10035_HCMC_2009",147
"10035_HCMC_2009",168
"10035_HCMC_2009",182
"10035_HCMC_2009",185
"10035_HCMC_2009",194
"10035_HCMC_2009",198
"10035_HCMC_2009",227
"10035_HCMC_2009",234
"10035_HCMC_2009",238
"10035_HCMC_2009",252
"10035_HCMC_2009",254
"10035_HCMC_2009",257
"10035_HCMC_2009",286
"10035_HCMC_2009",338
"10035_HCMC_2009",351
"10035_HCMC_2009",367
"10035_HCMC_2009",382
"10035_HCMC_NA",9
"10035_HCMC_NA",24
"10035_HCMC_NA",29
"10035_HCMC_NA",58
"10035_HCMC_NA",113
"10035_HCMC_NA",132
"10035_HCMC_NA",137
"10035_HCMC_NA",143
"10035_HCMC_NA",153
"10035_HCMC_NA",160
"10035_HCMC_NA",174
"10035_HCMC_NA",182
"10035_HCMC_NA",183
"10035_HCMC_NA",198
"10035_HCMC_NA",208
"10035_HCMC_NA",231
"10035_HCMC_NA",290
"10035_HCMC_NA",372
"10060_HCMC_2009",9
"10060_HCMC_2009",16
"10060_HCMC_2009",24
"10060_HCMC_2009",34
"10060_HCMC_2009",113
"10060_HCMC_2009",182
"10060_HCMC_2009",196
"10060_HCMC_2009",198
"10060_HCMC_2009",219
"10060_HCMC_2009",246
"10060_HCMC_2009",264
"10060_HCMC_2009",327
"10060_HCMC_2009",346
"10060_HCMC_2009",351
"10060_HCMC_NA",9
"10060_HCMC_NA",16
"10060_HCMC_NA",24
"10060_HCMC_NA",34
"10060_HCMC_NA",75
"10060_HCMC_NA",113
"10060_HCMC_NA",182
"10060_HCMC_NA",196
"10060_HCMC_NA",198
"10060_HCMC_NA",219
"10060_HCMC_NA",327
"10060_HCMC_NA",351
"10063_HCMC_2009",9
"10063_HCMC_2009",16
"10063_HCMC_2009",24
"10063_HCMC_2009",34
"10063_HCMC_2009",101
"10063_HCMC_2009",113
"10063_HCMC_2009",182
"10063_HCMC_2009",196
"10063_HCMC_2009",198
"10063_HCMC_2009",219
"10063_HCMC_2009",327
"10063_HCMC_2009",351
"10063_HCMC_NA",9
"10063_HCMC_NA",16
"10063_HCMC_NA",24
"10063_HCMC_NA",34
"10063_HCMC_NA",113
"10063_HCMC_NA",182
"10063_HCMC_NA",196
"10063_HCMC_NA",198
"10063_HCMC_NA",219
"10063_HCMC_NA",327
"10063_HCMC_NA",351
"10071_HCMC_2009",9
"10071_HCMC_2009",16
"10071_HCMC_2009",24
"10071_HCMC_2009",34
"10071_HCMC_2009",113
"10071_HCMC_2009",182
"10071_HCMC_2009",196
"10071_HCMC_2009",198
"10071_HCMC_2009",219
"10071_HCMC_2009",327
"10071_HCMC_2009",351
"10071_HCMC_NA",9
"10071_HCMC_NA",16
"10071_HCMC_NA",24
"10071_HCMC_NA",34
"10071_HCMC_NA",83
"10071_HCMC_NA",113
"10071_HCMC_NA",182
"10071_HCMC_NA",196
"10071_HCMC_NA",198
"10071_HCMC_NA",219
"10071_HCMC_NA",327
"10071_HCMC_NA",351
"10073_HCMC_2009",9
"10073_HCMC_2009",16
"10073_HCMC_2009",24
"10073_HCMC_2009",34
"10073_HCMC_2009",113
"10073_HCMC_2009",182
"10073_HCMC_2009",196
"10073_HCMC_2009",198
"10073_HCMC_2009",219
"10073_HCMC_2009",327
"10073_HCMC_2009",351
"10073_HCMC_NA",8
"10073_HCMC_NA",9
"10073_HCMC_NA",16
"10073_HCMC_NA",24
"10073_HCMC_NA",34
"10073_HCMC_NA",72
"10073_HCMC_NA",102
"10073_HCMC_NA",113
"10073_HCMC_NA",128
"10073_HCMC_NA",161
"10073_HCMC_NA",182
"10073_HCMC_NA",196
"10073_HCMC_NA",198
"10073_HCMC_NA",219
"10073_HCMC_NA",242
"10073_HCMC_NA",250
"10073_HCMC_NA",266
"10073_HCMC_NA",284
"10073_HCMC_NA",301
"10073_HCMC_NA",311
"10073_HCMC_NA",327
"10073_HCMC_NA",351
"10083_HCMC_2009",9
"10083_HCMC_2009",16
"10083_HCMC_2009",24
"10083_HCMC_2009",34
"10083_HCMC_2009",101
"10083_HCMC_2009",113
"10083_HCMC_2009",182
"10083_HCMC_2009",196
"10083_HCMC_2009",198
"10083_HCMC_2009",219
"10083_HCMC_2009",241
"10083_HCMC_2009",298
"10083_HCMC_2009",319
"10083_HCMC_2009",327
"10083_HCMC_2009",351
"10083_HCMC_2009",359
"10083_HCMC_2009",361
"10083_HCMC_NA",9
"10083_HCMC_NA",16
"10083_HCMC_NA",24
"10083_HCMC_NA",34
"10083_HCMC_NA",113
"10083_HCMC_NA",182
"10083_HCMC_NA",196
"10083_HCMC_NA",198
"10083_HCMC_NA",219
"10083_HCMC_NA",327
"10083_HCMC_NA",347
"10083_HCMC_NA",351
"10093_HCMC_2009",9
"10093_HCMC_2009",16
"10093_HCMC_2009",24
"10093_HCMC_2009",34
"10093_HCMC_2009",113
"10093_HCMC_2009",182
"10093_HCMC_2009",196
"10093_HCMC_2009",198
"10093_HCMC_2009",219
"10093_HCMC_2009",327
"10093_HCMC_2009",351
"10093_HCMC_NA",9
"10093_HCMC_NA",16
"10093_HCMC_NA",24
"10093_HCMC_NA",34
"10093_HCMC_NA",100
"10093_HCMC_NA",113
"10093_HCMC_NA",182
"10093_HCMC_NA",196
"10093_HCMC_NA",198
"10093_HCMC_NA",219
"10093_HCMC_NA",327
"10093_HCMC_NA",351
"10102_HCMC_2009",9
"10102_HCMC_2009",16
"10102_HCMC_2009",24
"10102_HCMC_2009",34
"10102_HCMC_2009",101
"10102_HCMC_2009",113
"10102_HCMC_2009",182
"10102_HCMC_2009",196
"10102_HCMC_2009",198
"10102_HCMC_2009",219
"10102_HCMC_2009",230
"10102_HCMC_2009",327
"10102_HCMC_2009",351
"10102_HCMC_NA",9
"10102_HCMC_NA",12
"10102_HCMC_NA",13
"10102_HCMC_NA",16
"10102_HCMC_NA",24
"10102_HCMC_NA",28
"10102_HCMC_NA",34
"10102_HCMC_NA",49
"10102_HCMC_NA",70
"10102_HCMC_NA",91
"10102_HCMC_NA",113
"10102_HCMC_NA",124
"10102_HCMC_NA",142
"10102_HCMC_NA",166
"10102_HCMC_NA",182
"10102_HCMC_NA",196
"10102_HCMC_NA",198
"10102_HCMC_NA",251
"10102_HCMC_NA",253
"10102_HCMC_NA",351
"10102_HCMC_NA",376
"10102_HCMC_NA",385
"10111_HCMC_2009",9
"10111_HCMC_2009",16
"10111_HCMC_2009",24
"10111_HCMC_2009",34
"10111_HCMC_2009",113
"10111_HCMC_2009",182
"10111_HCMC_2009",196
"10111_HCMC_2009",198
"10111_HCMC_2009",219
"10111_HCMC_2009",273
"10111_HCMC_2009",327
"10111_HCMC_2009",351
"10111_HCMC_NA",9
"10111_HCMC_NA",16
"10111_HCMC_NA",24
"10111_HCMC_NA",34
"10111_HCMC_NA",113
"10111_HCMC_NA",146
"10111_HCMC_NA",182
"10111_HCMC_NA",196
"10111_HCMC_NA",198
"10111_HCMC_NA",219
"10111_HCMC_NA",246
"10111_HCMC_NA",302
"10111_HCMC_NA",320
"10111_HCMC_NA",327
"10111_HCMC_NA",351
"10111_HCMC_NA",381
"10115_HCMC_2009",9
"10115_HCMC_2009",16
"10115_HCMC_2009",24
"10115_HCMC_2009",34
"10115_HCMC_2009",113
"10115_HCMC_2009",182
"10115_HCMC_2009",196
"10115_HCMC_2009",198
"10115_HCMC_2009",218
"10115_HCMC_2009",219
"10115_HCMC_2009",327
"10115_HCMC_2009",351
"10115_HCMC_NA",9
"10115_HCMC_NA",16
"10115_HCMC_NA",24
"10115_HCMC_NA",34
"10115_HCMC_NA",113
"10115_HCMC_NA",182
"10115_HCMC_NA",196
"10115_HCMC_NA",198
"10115_HCMC_NA",219
"10115_HCMC_NA",327
"10115_HCMC_NA",351
"10134_HCMC_2009",182
"10134_HCMC_NA",9
"10134_HCMC_NA",12
"10134_HCMC_NA",13
"10134_HCMC_NA",16
"10134_HCMC_NA",24
"10134_HCMC_NA",28
"10134_HCMC_NA",34
"10134_HCMC_NA",49
"10134_HCMC_NA",70
"10134_HCMC_NA",91
"10134_HCMC_NA",113
"10134_HCMC_NA",124
"10134_HCMC_NA",142
"10134_HCMC_NA",182
"10134_HCMC_NA",196
"10134_HCMC_NA",198
"10134_HCMC_NA",251
"10134_HCMC_NA",253
"10134_HCMC_NA",351
"10134_HCMC_NA",376
"10134_HCMC_NA",385
"10135_HCMC_2009",9
"10135_HCMC_2009",24
"10135_HCMC_2009",52
"10135_HCMC_2009",104
"10135_HCMC_2009",111
"10135_HCMC_2009",113
"10135_HCMC_2009",123
"10135_HCMC_2009",133
"10135_HCMC_2009",152
"10135_HCMC_2009",163
"10135_HCMC_2009",173
"10135_HCMC_2009",182
"10135_HCMC_2009",186
"10135_HCMC_2009",189
"10135_HCMC_2009",192
"10135_HCMC_2009",198
"10135_HCMC_2009",262
"10135_HCMC_2009",274
"10135_HCMC_2009",277
"10135_HCMC_2009",278
"10135_HCMC_2009",287
"10135_HCMC_2009",313
"10135_HCMC_2009",314
"10135_HCMC_2009",331
"10135_HCMC_2009",363
"10135_HCMC_NA",9
"10135_HCMC_NA",16
"10135_HCMC_NA",24
"10135_HCMC_NA",34
"10135_HCMC_NA",113
"10135_HCMC_NA",182
"10135_HCMC_NA",196
"10135_HCMC_NA",198
"10135_HCMC_NA",219
"10135_HCMC_NA",327
"10135_HCMC_NA",351
"10152_HCMC_2009",9
"10152_HCMC_2009",16
"10152_HCMC_2009",24
"10152_HCMC_2009",34
"10152_HCMC_2009",113
"10152_HCMC_2009",182
"10152_HCMC_2009",196
"10152_HCMC_2009",198
"10152_HCMC_2009",219
"10152_HCMC_2009",327
"10152_HCMC_2009",351
"10152_HCMC_NA",9
"10152_HCMC_NA",16
"10152_HCMC_NA",24
"10152_HCMC_NA",34
"10152_HCMC_NA",113
"10152_HCMC_NA",182
"10152_HCMC_NA",196
"10152_HCMC_NA",198
"10152_HCMC_NA",219
"10152_HCMC_NA",327
"10152_HCMC_NA",351
"10152_HCMC_NA",356
"10159_HCMC_2009",9
"10159_HCMC_2009",12
"10159_HCMC_2009",13
"10159_HCMC_2009",16
"10159_HCMC_2009",24
"10159_HCMC_2009",28
"10159_HCMC_2009",32
"10159_HCMC_2009",34
"10159_HCMC_2009",49
"10159_HCMC_2009",70
"10159_HCMC_2009",91
"10159_HCMC_2009",113
"10159_HCMC_2009",124
"10159_HCMC_2009",142
"10159_HCMC_2009",166
"10159_HCMC_2009",182
"10159_HCMC_2009",196
"10159_HCMC_2009",198
"10159_HCMC_2009",251
"10159_HCMC_2009",253
"10159_HCMC_2009",265
"10159_HCMC_2009",351
"10159_HCMC_2009",376
"10159_HCMC_2009",385
"10159_HCMC_NA",9
"10159_HCMC_NA",16
"10159_HCMC_NA",24
"10159_HCMC_NA",34
"10159_HCMC_NA",99
"10159_HCMC_NA",113
"10159_HCMC_NA",182
"10159_HCMC_NA",196
"10159_HCMC_NA",198
"10159_HCMC_NA",219
"10159_HCMC_NA",269
"10159_HCMC_NA",327
"10159_HCMC_NA",351
"10188_HCMC_2009",9
"10188_HCMC_2009",16
"10188_HCMC_2009",24
"10188_HCMC_2009",34
"10188_HCMC_2009",113
"10188_HCMC_2009",182
"10188_HCMC_2009",196
"10188_HCMC_2009",198
"10188_HCMC_2009",219
"10188_HCMC_2009",327
"10188_HCMC_2009",351
"10188_HCMC_NA",9
"10188_HCMC_NA",16
"10188_HCMC_NA",24
"10188_HCMC_NA",34
"10188_HCMC_NA",113
"10188_HCMC_NA",182
"10188_HCMC_NA",196
"10188_HCMC_NA",198
"10188_HCMC_NA",219
"10188_HCMC_NA",327
"10188_HCMC_NA",351
"10263_HCMC_2009",9
"10263_HCMC_2009",24
"10263_HCMC_2009",29
"10263_HCMC_2009",44
"10263_HCMC_2009",93
"10263_HCMC_2009",113
"10263_HCMC_2009",132
"10263_HCMC_2009",135
"10263_HCMC_2009",137
"10263_HCMC_2009",138
"10263_HCMC_2009",139
"10263_HCMC_2009",153
"10263_HCMC_2009",160
"10263_HCMC_2009",165
"10263_HCMC_2009",174
"10263_HCMC_2009",182
"10263_HCMC_2009",183
"10263_HCMC_2009",198
"10263_HCMC_2009",208
"10263_HCMC_2009",243
"10263_HCMC_2009",256
"10263_HCMC_2009",285
"10263_HCMC_2009",290
"10263_HCMC_2009",293
"10263_HCMC_2009",308
"10263_HCMC_2009",310
"10263_HCMC_2009",330
"10263_HCMC_2009",366
"10263_HCMC_2009",371
"10263_HCMC_2009",372
"10263_HCMC_2009",373
"10263_HCMC_NA",9
"10263_HCMC_NA",16
"10263_HCMC_NA",24
"10263_HCMC_NA",34
"10263_HCMC_NA",99
"10263_HCMC_NA",113
"10263_HCMC_NA",182
"10263_HCMC_NA",196
"10263_HCMC_NA",198
"10263_HCMC_NA",219
"10263_HCMC_NA",327
"10263_HCMC_NA",351
"10320_HCMC_2010",9
"10320_HCMC_2010",16
"10320_HCMC_2010",24
"10320_HCMC_2010",34
"10320_HCMC_2010",113
"10320_HCMC_2010",182
"10320_HCMC_2010",196
"10320_HCMC_2010",198
"10320_HCMC_2010",219
"10320_HCMC_2010",327
"10320_HCMC_2010",351
"10320_HCMC_NA",5
"10320_HCMC_NA",9
"10320_HCMC_NA",24
"10320_HCMC_NA",42
"10320_HCMC_NA",71
"10320_HCMC_NA",73
"10320_HCMC_NA",77
"10320_HCMC_NA",95
"10320_HCMC_NA",109
"10320_HCMC_NA",113
"10320_HCMC_NA",116
"10320_HCMC_NA",118
"10320_HCMC_NA",170
"10320_HCMC_NA",175
"10320_HCMC_NA",182
"10320_HCMC_NA",198
"10320_HCMC_NA",211
"10320_HCMC_NA",215
"10320_HCMC_NA",226
"10320_HCMC_NA",229
"10320_HCMC_NA",255
"10320_HCMC_NA",270
"10320_HCMC_NA",271
"10320_HCMC_NA",281
"10320_HCMC_NA",282
"10320_HCMC_NA",292
"10320_HCMC_NA",318
"10320_HCMC_NA",325
"10320_HCMC_NA",329
"10320_HCMC_NA",351
"10320_HCMC_NA",353
"10320_HCMC_NA",364
"10320_HCMC_NA",369
"10365_HCMC_2010",9
"10365_HCMC_2010",14
"10365_HCMC_2010",24
"10365_HCMC_2010",29
"10365_HCMC_2010",40
"10365_HCMC_2010",51
"10365_HCMC_2010",113
"10365_HCMC_2010",122
"10365_HCMC_2010",132
"10365_HCMC_2010",137
"10365_HCMC_2010",153
"10365_HCMC_2010",160
"10365_HCMC_2010",174
"10365_HCMC_2010",176
"10365_HCMC_2010",182
"10365_HCMC_2010",183
"10365_HCMC_2010",198
"10365_HCMC_2010",199
"10365_HCMC_2010",208
"10365_HCMC_2010",235
"10365_HCMC_2010",258
"10365_HCMC_2010",290
"10365_HCMC_2010",321
"10365_HCMC_2010",372
"10365_HCMC_NA",9
"10365_HCMC_NA",24
"10365_HCMC_NA",29
"10365_HCMC_NA",93
"10365_HCMC_NA",113
"10365_HCMC_NA",132
"10365_HCMC_NA",135
"10365_HCMC_NA",137
"10365_HCMC_NA",138
"10365_HCMC_NA",139
"10365_HCMC_NA",153
"10365_HCMC_NA",160
"10365_HCMC_NA",165
"10365_HCMC_NA",174
"10365_HCMC_NA",182
"10365_HCMC_NA",183
"10365_HCMC_NA",198
"10365_HCMC_NA",208
"10365_HCMC_NA",243
"10365_HCMC_NA",256
"10365_HCMC_NA",285
"10365_HCMC_NA",290
"10365_HCMC_NA",293
"10365_HCMC_NA",308
"10365_HCMC_NA",310
"10365_HCMC_NA",330
"10365_HCMC_NA",366
"10365_HCMC_NA",372
"10365_HCMC_NA",373
"1166_France_1966",9
"1166_France_1966",16
"1166_France_1966",24
"1166_France_1966",34
"1166_France_1966",113
"1166_France_1966",167
"1166_France_1966",182
"1166_France_1966",196
"1166_France_1966",198
"1166_France_1966",219
"1166_France_1966",237
"1166_France_1966",327
"1166_France_1966",351
"1167_France_1967",2
"1167_France_1967",3
"1167_France_1967",9
"1167_France_1967",10
"1167_France_1967",19
"1167_France_1967",22
"1167_France_1967",24
"1167_France_1967",26
"1167_France_1967",43
"1167_France_1967",47
"1167_France_1967",76
"1167_France_1967",86
"1167_France_1967",88
"1167_France_1967",113
"1167_France_1967",119
"1167_France_1967",121
"1167_France_1967",130
"1167_France_1967",158
"1167_France_1967",159
"1167_France_1967",182
"1167_France_1967",185
"1167_France_1967",187
"1167_France_1967",198
"1167_France_1967",209
"1167_France_1967",213
"1167_France_1967",220
"1167_France_1967",224
"1167_France_1967",225
"1167_France_1967",228
"1167_France_1967",234
"1167_France_1967",239
"1167_France_1967",248
"1167_France_1967",279
"1167_France_1967",322
"1167_France_1967",333
"1167_France_1967",335
"1167_France_1967",344
"1167_France_1967",349
"1167_France_1967",351
"1173_France_1973",6
"1173_France_1973",9
"1173_France_1973",11
"1173_France_1973",16
"1173_France_1973",24
"1173_France_1973",34
"1173_France_1973",54
"1173_France_1973",68
"1173_France_1973",92
"1173_France_1973",113
"1173_France_1973",131
"1173_France_1973",154
"1173_France_1973",182
"1173_France_1973",196
"1173_France_1973",198
"1173_France_1973",202
"1173_France_1973",214
"1173_France_1973",223
"1173_France_1973",259
"1173_France_1973",260
"1173_France_1973",297
"1173_France_1973",332
"1173_France_1973",350
"1173_France_1973",351
"1173_France_1973",378
"1263_France_1963",9
"1263_France_1963",16
"1263_France_1963",24
"1263_France_1963",34
"1263_France_1963",113
"1263_France_1963",182
"1263_France_1963",196
"1263_France_1963",198
"1263_France_1963",219
"1263_France_1963",327
"1263_France_1963",351
"1265_France_1965",9
"1265_France_1965",16
"1265_France_1965",24
"1265_France_1965",34
"1265_France_1965",55
"1265_France_1965",66
"1265_France_1965",74
"1265_France_1965",78
"1265_France_1965",113
"1265_France_1965",140
"1265_France_1965",171
"1265_France_1965",182
"1265_France_1965",198
"1265_France_1965",206
"1265_France_1965",210
"1265_France_1965",244
"1265_France_1965",261
"1265_France_1965",309
"1265_France_1965",341
"1265_France_1965",351
"1265_France_1965",355
"1265_France_1965",368
"1267_France_1967",9
"1267_France_1967",16
"1267_France_1967",24
"1267_France_1967",34
"1267_France_1967",75
"1267_France_1967",113
"1267_France_1967",182
"1267_France_1967",196
"1267_France_1967",198
"1267_France_1967",219
"1267_France_1967",327
"1267_France_1967",351
"1274_France_1974",9
"1274_France_1974",24
"1274_France_1974",29
"1274_France_1974",93
"1274_France_1974",113
"1274_France_1974",132
"1274_France_1974",135
"1274_France_1974",138
"1274_France_1974",165
"1274_France_1974",182
"1274_France_1974",183
"1274_France_1974",198
"1274_France_1974",208
"1274_France_1974",256
"1274_France_1974",285
"1274_France_1974",290
"1274_France_1974",308
"1274_France_1974",310
"1274_France_1974",330
"1274_France_1974",371
"1274_France_1974",372
"1460_France_1960",9
"1460_France_1960",16
"1460_France_1960",24
"1460_France_1960",34
"1460_France_1960",101
"1460_France_1960",113
"1460_France_1960",182
"1460_France_1960",196
"1460_France_1960",198
"1460_France_1960",219
"1460_France_1960",327
"1460_France_1960",351
"1461_France_1961",9
"1461_France_1961",16
"1461_France_1961",24
"1461_France_1961",34
"1461_France_1961",113
"1461_France_1961",182
"1461_France_1961",196
"1461_France_1961",198
"1461_France_1961",219
"1461_France_1961",327
"1461_France_1961",351
"1567_Senegal_1967",9
"1567_Senegal_1967",16
"1567_Senegal_1967",24
"1567_Senegal_1967",34
"1567_Senegal_1967",113
"1567_Senegal_1967",182
"1567_Senegal_1967",196
"1567_Senegal_1967",198
"1567_Senegal_1967",219
"1567_Senegal_1967",327
"1567_Senegal_1967",351
"1761_France_1961",9
"1761_France_1961",12
"1761_France_1961",13
"1761_France_1961",16
"1761_France_1961",24
"1761_France_1961",28
"1761_France_1961",34
"1761_France_1961",49
"1761_France_1961",70
"1761_France_1961",91
"1761_France_1961",113
"1761_France_1961",124
"1761_France_1961",142
"1761_France_1961",166
"1761_France_1961",182
"1761_France_1961",196
"1761_France_1961",198
"1761_France_1961",251
"1761_France_1961",253
"1761_France_1961",265
"1761_France_1961",351
"1761_France_1961",376
"1761_France_1961",385
"19904011_unk_1990",9
"19904011_unk_1990",24
"19904011_unk_1990",29
"19904011_unk_1990",93
"19904011_unk_1990",113
"19904011_unk_1990",132
"19904011_unk_1990",135
"19904011_unk_1990",137
"19904011_unk_1990",138
"19904011_unk_1990",139
"19904011_unk_1990",153
"19904011_unk_1990",160
"19904011_unk_1990",165
"19904011_unk_1990",174
"19904011_unk_1990",182
"19904011_unk_1990",183
"19904011_unk_1990",198
"19904011_unk_1990",208
"19904011_unk_1990",243
"19904011_unk_1990",256
"19904011_unk_1990",285
"19904011_unk_1990",290
"19904011_unk_1990",293
"19904011_unk_1990",308
"19904011_unk_1990",310
"19904011_unk_1990",330
"19904011_unk_1990",366
"19904011_unk_1990",372
"19904011_unk_1990",373
"19910761_unk_1991",9
"19910761_unk_1991",24
"19910761_unk_1991",52
"19910761_unk_1991",53
"19910761_unk_1991",63
"19910761_unk_1991",113
"19910761_unk_1991",173
"19910761_unk_1991",182
"19910761_unk_1991",189
"19910761_unk_1991",198
"19910761_unk_1991",201
"19910761_unk_1991",274
"19910761_unk_1991",276
"19910761_unk_1991",277
"19910761_unk_1991",278
"19910761_unk_1991",287
"19910761_unk_1991",305
"19910761_unk_1991",317
"19910761_unk_1991",357
"19910761_unk_1991",370
"19911483_unk_1991",9
"19911483_unk_1991",16
"19911483_unk_1991",24
"19911483_unk_1991",34
"19911483_unk_1991",113
"19911483_unk_1991",182
"19911483_unk_1991",196
"19911483_unk_1991",198
"19911483_unk_1991",219
"19911483_unk_1991",327
"19911483_unk_1991",351
"19920319_unk_1992",9
"19920319_unk_1992",24
"19920319_unk_1992",29
"19920319_unk_1992",39
"19920319_unk_1992",45
"19920319_unk_1992",113
"19920319_unk_1992",126
"19920319_unk_1992",132
"19920319_unk_1992",134
"19920319_unk_1992",137
"19920319_unk_1992",148
"19920319_unk_1992",153
"19920319_unk_1992",160
"19920319_unk_1992",174
"19920319_unk_1992",182
"19920319_unk_1992",183
"19920319_unk_1992",198
"19920319_unk_1992",208
"19920319_unk_1992",212
"19920319_unk_1992",275
"19920319_unk_1992",290
"19920319_unk_1992",315
"19920319_unk_1992",372
"19984123_Mexico_1998",9
"19984123_Mexico_1998",16
"19984123_Mexico_1998",24
"19984123_Mexico_1998",34
"19984123_Mexico_1998",99
"19984123_Mexico_1998",113
"19984123_Mexico_1998",182
"19984123_Mexico_1998",196
"19984123_Mexico_1998",198
"19984123_Mexico_1998",219
"19984123_Mexico_1998",327
"19984123_Mexico_1998",351
"20003593_unk_2000",9
"20003593_unk_2000",16
"20003593_unk_2000",24
"20003593_unk_2000",34
"20003593_unk_2000",113
"20003593_unk_2000",182
"20003593_unk_2000",196
"20003593_unk_2000",198
"20003593_unk_2000",219
"20003593_unk_2000",327
"20003593_unk_2000",351
"20006_HCMC_2009",9
"20006_HCMC_2009",15
"20006_HCMC_2009",24
"20006_HCMC_2009",52
"20006_HCMC_2009",67
"20006_HCMC_2009",87
"20006_HCMC_2009",106
"20006_HCMC_2009",113
"20006_HCMC_2009",173
"20006_HCMC_2009",182
"20006_HCMC_2009",188
"20006_HCMC_2009",189
"20006_HCMC_2009",190
"20006_HCMC_2009",198
"20006_HCMC_2009",272
"20006_HCMC_2009",274
"20006_HCMC_2009",277
"20006_HCMC_2009",278
"20006_HCMC_2009",287
"20006_HCMC_2009",305
"20006_HCMC_2009",337
"20006_HCMC_2009",357
"20010007_unk_2001",9
"20010007_unk_2001",20
"20010007_unk_2001",21
"20010007_unk_2001",24
"20010007_unk_2001",26
"20010007_unk_2001",43
"20010007_unk_2001",48
"20010007_unk_2001",61
"20010007_unk_2001",86
"20010007_unk_2001",88
"20010007_unk_2001",113
"20010007_unk_2001",120
"20010007_unk_2001",130
"20010007_unk_2001",149
"20010007_unk_2001",159
"20010007_unk_2001",179
"20010007_unk_2001",181
"20010007_unk_2001",182
"20010007_unk_2001",185
"20010007_unk_2001",198
"20010007_unk_2001",234
"20010007_unk_2001",245
"20010007_unk_2001",248
"20010007_unk_2001",312
"20010007_unk_2001",349
"20010007_unk_2001",351
"20010007_unk_2001",354
"20010007_unk_2001",365
"20010007_unk_2001",379
"20011685_unk_2001",4
"20011685_unk_2001",9
"20011685_unk_2001",24
"20011685_unk_2001",33
"20011685_unk_2001",36
"20011685_unk_2001",52
"20011685_unk_2001",103
"20011685_unk_2001",105
"20011685_unk_2001",107
"20011685_unk_2001",113
"20011685_unk_2001",169
"20011685_unk_2001",172
"20011685_unk_2001",182
"20011685_unk_2001",189
"20011685_unk_2001",198
"20011685_unk_2001",200
"20011685_unk_2001",232
"20011685_unk_2001",233
"20011685_unk_2001",274
"20011685_unk_2001",277
"20011685_unk_2001",278
"20011685_unk_2001",287
"20011685_unk_2001",294
"20011685_unk_2001",307
"20021_HCMC_2009",9
"20021_HCMC_2009",16
"20021_HCMC_2009",24
"20021_HCMC_2009",34
"20021_HCMC_2009",113
"20021_HCMC_2009",182
"20021_HCMC_2009",196
"20021_HCMC_2009",198
"20021_HCMC_2009",219
"20021_HCMC_2009",303
"20021_HCMC_2009",327
"20021_HCMC_2009",351
"20021122_unk_2002",9
"20021122_unk_2002",16
"20021122_unk_2002",24
"20021122_unk_2002",34
"20021122_unk_2002",74
"20021122_unk_2002",113
"20021122_unk_2002",140
"20021122_unk_2002",171
"20021122_unk_2002",182
"20021122_unk_2002",198
"20021122_unk_2002",309
"20021122_unk_2002",341
"20021122_unk_2002",351
"20023_HCMC_2009",9
"20023_HCMC_2009",15
"20023_HCMC_2009",24
"20023_HCMC_2009",52
"20023_HCMC_2009",106
"20023_HCMC_2009",113
"20023_HCMC_2009",173
"20023_HCMC_2009",182
"20023_HCMC_2009",189
"20023_HCMC_2009",198
"20023_HCMC_2009",222
"20023_HCMC_2009",274
"20023_HCMC_2009",277
"20023_HCMC_2009",278
"20023_HCMC_2009",287
"20023_HCMC_2009",305
"20023_HCMC_2009",337
"20031275_Iran_2003",9
"20031275_Iran_2003",15
"20031275_Iran_2003",24
"20031275_Iran_2003",52
"20031275_Iran_2003",67
"20031275_Iran_2003",106
"20031275_Iran_2003",113
"20031275_Iran_2003",173
"20031275_Iran_2003",182
"20031275_Iran_2003",189
"20031275_Iran_2003",198
"20031275_Iran_2003",274
"20031275_Iran_2003",277
"20031275_Iran_2003",278
"20031275_Iran_2003",287
"20031275_Iran_2003",305
"20031275_Iran_2003",337
"20037_HCMC_2009",9
"20037_HCMC_2009",16
"20037_HCMC_2009",24
"20037_HCMC_2009",34
"20037_HCMC_2009",99
"20037_HCMC_2009",113
"20037_HCMC_2009",182
"20037_HCMC_2009",196
"20037_HCMC_2009",198
"20037_HCMC_2009",219
"20037_HCMC_2009",327
"20037_HCMC_2009",351
"20040489_unk_2004",9
"20040489_unk_2004",24
"20040489_unk_2004",25
"20040489_unk_2004",26
"20040489_unk_2004",86
"20040489_unk_2004",88
"20040489_unk_2004",94
"20040489_unk_2004",97
"20040489_unk_2004",113
"20040489_unk_2004",130
"20040489_unk_2004",156
"20040489_unk_2004",177
"20040489_unk_2004",182
"20040489_unk_2004",185
"20040489_unk_2004",195
"20040489_unk_2004",198
"20040489_unk_2004",234
"20040489_unk_2004",349
"20040489_unk_2004",351
"20040880_SriLanka_2004",2
"20040880_SriLanka_2004",3
"20040880_SriLanka_2004",9
"20040880_SriLanka_2004",10
"20040880_SriLanka_2004",19
"20040880_SriLanka_2004",24
"20040880_SriLanka_2004",26
"20040880_SriLanka_2004",43
"20040880_SriLanka_2004",47
"20040880_SriLanka_2004",86
"20040880_SriLanka_2004",88
"20040880_SriLanka_2004",113
"20040880_SriLanka_2004",119
"20040880_SriLanka_2004",121
"20040880_SriLanka_2004",130
"20040880_SriLanka_2004",158
"20040880_SriLanka_2004",159
"20040880_SriLanka_2004",180
"20040880_SriLanka_2004",182
"20040880_SriLanka_2004",185
"20040880_SriLanka_2004",187
"20040880_SriLanka_2004",198
"20040880_SriLanka_2004",209
"20040880_SriLanka_2004",213
"20040880_SriLanka_2004",220
"20040880_SriLanka_2004",224
"20040880_SriLanka_2004",225
"20040880_SriLanka_2004",228
"20040880_SriLanka_2004",234
"20040880_SriLanka_2004",248
"20040880_SriLanka_2004",279
"20040880_SriLanka_2004",322
"20040880_SriLanka_2004",335
"20040880_SriLanka_2004",344
"20040880_SriLanka_2004",349
"20040880_SriLanka_2004",351
"20040924_Kenya_Egypt_2004",9
"20040924_Kenya_Egypt_2004",24
"20040924_Kenya_Egypt_2004",29
"20040924_Kenya_Egypt_2004",93
"20040924_Kenya_Egypt_2004",113
"20040924_Kenya_Egypt_2004",132
"20040924_Kenya_Egypt_2004",135
"20040924_Kenya_Egypt_2004",137
"20040924_Kenya_Egypt_2004",138
"20040924_Kenya_Egypt_2004",153
"20040924_Kenya_Egypt_2004",160
"20040924_Kenya_Egypt_2004",174
"20040924_Kenya_Egypt_2004",182
"20040924_Kenya_Egypt_2004",183
"20040924_Kenya_Egypt_2004",198
"20040924_Kenya_Egypt_2004",208
"20040924_Kenya_Egypt_2004",243
"20040924_Kenya_Egypt_2004",256
"20040924_Kenya_Egypt_2004",285
"20040924_Kenya_Egypt_2004",290
"20040924_Kenya_Egypt_2004",310
"20040924_Kenya_Egypt_2004",330
"20040924_Kenya_Egypt_2004",366
"20040924_Kenya_Egypt_2004",372
"20041367_unk_2004",9
"20041367_unk_2004",16
"20041367_unk_2004",24
"20041367_unk_2004",34
"20041367_unk_2004",113
"20041367_unk_2004",182
"20041367_unk_2004",196
"20041367_unk_2004",198
"20041367_unk_2004",219
"20041367_unk_2004",246
"20041367_unk_2004",327
"20041367_unk_2004",351
"20051272_Egypt_2005",9
"20051272_Egypt_2005",12
"20051272_Egypt_2005",13
"20051272_Egypt_2005",16
"20051272_Egypt_2005",24
"20051272_Egypt_2005",28
"20051272_Egypt_2005",34
"20051272_Egypt_2005",49
"20051272_Egypt_2005",70
"20051272_Egypt_2005",91
"20051272_Egypt_2005",113
"20051272_Egypt_2005",124
"20051272_Egypt_2005",142
"20051272_Egypt_2005",166
"20051272_Egypt_2005",182
"20051272_Egypt_2005",193
"20051272_Egypt_2005",196
"20051272_Egypt_2005",198
"20051272_Egypt_2005",251
"20051272_Egypt_2005",253
"20051272_Egypt_2005",265
"20051272_Egypt_2005",351
"20051272_Egypt_2005",376
"20051272_Egypt_2005",385
"20051541_Uzbekistan_2005",9
"20051541_Uzbekistan_2005",16
"20051541_Uzbekistan_2005",24
"20051541_Uzbekistan_2005",31
"20051541_Uzbekistan_2005",34
"20051541_Uzbekistan_2005",113
"20051541_Uzbekistan_2005",114
"20051541_Uzbekistan_2005",182
"20051541_Uzbekistan_2005",196
"20051541_Uzbekistan_2005",198
"20051541_Uzbekistan_2005",219
"20051541_Uzbekistan_2005",291
"20051541_Uzbekistan_2005",327
"20051541_Uzbekistan_2005",351
"20052631_Peru_2005",9
"20052631_Peru_2005",24
"20052631_Peru_2005",29
"20052631_Peru_2005",93
"20052631_Peru_2005",113
"20052631_Peru_2005",132
"20052631_Peru_2005",135
"20052631_Peru_2005",137
"20052631_Peru_2005",138
"20052631_Peru_2005",139
"20052631_Peru_2005",153
"20052631_Peru_2005",160
"20052631_Peru_2005",165
"20052631_Peru_2005",174
"20052631_Peru_2005",182
"20052631_Peru_2005",183
"20052631_Peru_2005",198
"20052631_Peru_2005",208
"20052631_Peru_2005",243
"20052631_Peru_2005",256
"20052631_Peru_2005",285
"20052631_Peru_2005",290
"20052631_Peru_2005",293
"20052631_Peru_2005",308
"20052631_Peru_2005",310
"20052631_Peru_2005",330
"20052631_Peru_2005",366
"20052631_Peru_2005",371
"20052631_Peru_2005",372
"20052631_Peru_2005",373
"20060018_Egypt_2006",9
"20060018_Egypt_2006",16
"20060018_Egypt_2006",24
"20060018_Egypt_2006",34
"20060018_Egypt_2006",113
"20060018_Egypt_2006",182
"20060018_Egypt_2006",196
"20060018_Egypt_2006",198
"20060018_Egypt_2006",219
"20060018_Egypt_2006",327
"20060018_Egypt_2006",351
"20061309_Egypt_2006",5
"20061309_Egypt_2006",7
"20061309_Egypt_2006",9
"20061309_Egypt_2006",24
"20061309_Egypt_2006",42
"20061309_Egypt_2006",59
"20061309_Egypt_2006",65
"20061309_Egypt_2006",71
"20061309_Egypt_2006",73
"20061309_Egypt_2006",77
"20061309_Egypt_2006",95
"20061309_Egypt_2006",110
"20061309_Egypt_2006",113
"20061309_Egypt_2006",116
"20061309_Egypt_2006",118
"20061309_Egypt_2006",175
"20061309_Egypt_2006",182
"20061309_Egypt_2006",198
"20061309_Egypt_2006",207
"20061309_Egypt_2006",211
"20061309_Egypt_2006",229
"20061309_Egypt_2006",255
"20061309_Egypt_2006",270
"20061309_Egypt_2006",271
"20061309_Egypt_2006",281
"20061309_Egypt_2006",282
"20061309_Egypt_2006",288
"20061309_Egypt_2006",318
"20061309_Egypt_2006",325
"20061309_Egypt_2006",329
"20061309_Egypt_2006",336
"20061309_Egypt_2006",339
"20061309_Egypt_2006",345
"20061309_Egypt_2006",348
"20061309_Egypt_2006",351
"20061309_Egypt_2006",352
"20061309_Egypt_2006",353
"20061309_Egypt_2006",358
"20061309_Egypt_2006",364
"20061309_Egypt_2006",369
"20061758_Dominican",9
"20061758_Dominican",24
"20061758_Dominican",29
"20061758_Dominican",113
"20061758_Dominican",132
"20061758_Dominican",182
"20061758_Dominican",198
"20062087_Egypt_Tunisia_2006",9
"20062087_Egypt_Tunisia_2006",24
"20062087_Egypt_Tunisia_2006",52
"20062087_Egypt_Tunisia_2006",63
"20062087_Egypt_Tunisia_2006",113
"20062087_Egypt_Tunisia_2006",173
"20062087_Egypt_Tunisia_2006",182
"20062087_Egypt_Tunisia_2006",189
"20062087_Egypt_Tunisia_2006",198
"20062087_Egypt_Tunisia_2006",274
"20062087_Egypt_Tunisia_2006",276
"20062087_Egypt_Tunisia_2006",277
"20062087_Egypt_Tunisia_2006",278
"20062087_Egypt_Tunisia_2006",287
"20062087_Egypt_Tunisia_2006",305
"20062087_Egypt_Tunisia_2006",317
"20062087_Egypt_Tunisia_2006",334
"20062087_Egypt_Tunisia_2006",370
"20062313_Nepal_2006",9
"20062313_Nepal_2006",16
"20062313_Nepal_2006",24
"20062313_Nepal_2006",34
"20062313_Nepal_2006",113
"20062313_Nepal_2006",182
"20062313_Nepal_2006",196
"20062313_Nepal_2006",198
"20062313_Nepal_2006",219
"20062313_Nepal_2006",327
"20062313_Nepal_2006",351
"20070_HCMC_2009",9
"20070_HCMC_2009",16
"20070_HCMC_2009",24
"20070_HCMC_2009",34
"20070_HCMC_2009",89
"20070_HCMC_2009",113
"20070_HCMC_2009",182
"20070_HCMC_2009",196
"20070_HCMC_2009",198
"20070_HCMC_2009",219
"20070_HCMC_2009",327
"20070_HCMC_2009",351
"20071599_unk_2007",9
"20071599_unk_2007",16
"20071599_unk_2007",24
"20071599_unk_2007",34
"20071599_unk_2007",113
"20071599_unk_2007",182
"20071599_unk_2007",196
"20071599_unk_2007",198
"20071599_unk_2007",204
"20071599_unk_2007",219
"20071599_unk_2007",295
"20071599_unk_2007",327
"20071599_unk_2007",342
"20071599_unk_2007",351
"20081885_unk_2008",9
"20081885_unk_2008",16
"20081885_unk_2008",24
"20081885_unk_2008",34
"20081885_unk_2008",113
"20081885_unk_2008",125
"20081885_unk_2008",182
"20081885_unk_2008",196
"20081885_unk_2008",198
"20081885_unk_2008",219
"20081885_unk_2008",327
"20081885_unk_2008",351
"20094_HCMC_2009",9
"20094_HCMC_2009",16
"20094_HCMC_2009",24
"20094_HCMC_2009",34
"20094_HCMC_2009",101
"20094_HCMC_2009",113
"20094_HCMC_2009",182
"20094_HCMC_2009",196
"20094_HCMC_2009",198
"20094_HCMC_2009",219
"20094_HCMC_2009",299
"20094_HCMC_2009",327
"20094_HCMC_2009",351
"20228_HCMC_2009",9
"20228_HCMC_2009",16
"20228_HCMC_2009",24
"20228_HCMC_2009",34
"20228_HCMC_2009",113
"20228_HCMC_2009",182
"20228_HCMC_2009",196
"20228_HCMC_2009",198
"20228_HCMC_2009",219
"20228_HCMC_2009",327
"20228_HCMC_2009",351
"20261_HCMC_2009",9
"20261_HCMC_2009",16
"20261_HCMC_2009",24
"20261_HCMC_2009",34
"20261_HCMC_2009",90
"20261_HCMC_2009",101
"20261_HCMC_2009",113
"20261_HCMC_2009",182
"20261_HCMC_2009",196
"20261_HCMC_2009",198
"20261_HCMC_2009",219
"20261_HCMC_2009",327
"20261_HCMC_2009",351
"20263_HCMC_2009",9
"20263_HCMC_2009",16
"20263_HCMC_2009",24
"20263_HCMC_2009",34
"20263_HCMC_2009",113
"20263_HCMC_2009",182
"20263_HCMC_2009",196
"20263_HCMC_2009",198
"20263_HCMC_2009",219
"20263_HCMC_2009",327
"20263_HCMC_2009",351
"20343_HCMC_2009",9
"20343_HCMC_2009",13
"20343_HCMC_2009",16
"20343_HCMC_2009",24
"20343_HCMC_2009",28
"20343_HCMC_2009",34
"20343_HCMC_2009",49
"20343_HCMC_2009",70
"20343_HCMC_2009",91
"20343_HCMC_2009",113
"20343_HCMC_2009",124
"20343_HCMC_2009",142
"20343_HCMC_2009",166
"20343_HCMC_2009",182
"20343_HCMC_2009",196
"20343_HCMC_2009",198
"20343_HCMC_2009",251
"20343_HCMC_2009",253
"20343_HCMC_2009",265
"20343_HCMC_2009",351
"20343_HCMC_2009",376
"20343_HCMC_2009",385
"2073_France_1973",5
"2073_France_1973",9
"2073_France_1973",24
"2073_France_1973",30
"2073_France_1973",42
"2073_France_1973",50
"2073_France_1973",71
"2073_France_1973",73
"2073_France_1973",77
"2073_France_1973",95
"2073_France_1973",108
"2073_France_1973",113
"2073_France_1973",116
"2073_France_1973",117
"2073_France_1973",118
"2073_France_1973",129
"2073_France_1973",170
"2073_France_1973",175
"2073_France_1973",182
"2073_France_1973",198
"2073_France_1973",211
"2073_France_1973",217
"2073_France_1973",229
"2073_France_1973",255
"2073_France_1973",267
"2073_France_1973",270
"2073_France_1973",271
"2073_France_1973",281
"2073_France_1973",282
"2073_France_1973",306
"2073_France_1973",318
"2073_France_1973",324
"2073_France_1973",325
"2073_France_1973",329
"2073_France_1973",351
"2073_France_1973",353
"2073_France_1973",364
"2073_France_1973",369
"2073_France_1973",384
"2225_French",37
"2225_French",60
"2225_French",64
"2225_French",69
"2225_French",82
"2225_French",113
"2225_French",115
"2225_French",162
"2225_French",182
"2225_French",280
"2574_France_1974",9
"2574_France_1974",16
"2574_France_1974",24
"2574_France_1974",34
"2574_France_1974",112
"2574_France_1974",113
"2574_France_1974",114
"2574_France_1974",182
"2574_France_1974",196
"2574_France_1974",198
"2574_France_1974",219
"2574_France_1974",291
"2574_France_1974",327
"2574_France_1974",351
"259_France_1959",9
"259_France_1959",15
"259_France_1959",24
"259_France_1959",52
"259_France_1959",67
"259_France_1959",106
"259_France_1959",113
"259_France_1959",173
"259_France_1959",182
"259_France_1959",189
"259_France_1959",198
"259_France_1959",274
"259_France_1959",277
"259_France_1959",278
"259_France_1959",287
"259_France_1959",305
"259_France_1959",337
"259_France_1959",357
"259_France_1959",362
"273_Senegal_1973",9
"273_Senegal_1973",16
"273_Senegal_1973",24
"273_Senegal_1973",34
"273_Senegal_1973",79
"273_Senegal_1973",113
"273_Senegal_1973",182
"273_Senegal_1973",196
"273_Senegal_1973",198
"273_Senegal_1973",219
"273_Senegal_1973",289
"273_Senegal_1973",327
"273_Senegal_1973",351
"30003_HCMC_2009",9
"30003_HCMC_2009",16
"30003_HCMC_2009",24
"30003_HCMC_2009",34
"30003_HCMC_2009",99
"30003_HCMC_2009",113
"30003_HCMC_2009",182
"30003_HCMC_2009",196
"30003_HCMC_2009",198
"30003_HCMC_2009",219
"30003_HCMC_2009",316
"30003_HCMC_2009",327
"30003_HCMC_2009",351
"30008_HCMC_2009",9
"30008_HCMC_2009",15
"30008_HCMC_2009",24
"30008_HCMC_2009",52
"30008_HCMC_2009",67
"30008_HCMC_2009",98
"30008_HCMC_2009",106
"30008_HCMC_2009",113
"30008_HCMC_2009",173
"30008_HCMC_2009",182
"30008_HCMC_2009",189
"30008_HCMC_2009",198
"30008_HCMC_2009",274
"30008_HCMC_2009",277
"30008_HCMC_2009",278
"30008_HCMC_2009",287
"30008_HCMC_2009",305
"30008_HCMC_2009",337
"30008_HCMC_2009",357
"30010_HCMC_2009",9
"30010_HCMC_2009",15
"30010_HCMC_2009",24
"30010_HCMC_2009",52
"30010_HCMC_2009",67
"30010_HCMC_2009",106
"30010_HCMC_2009",113
"30010_HCMC_2009",173
"30010_HCMC_2009",182
"30010_HCMC_2009",189
"30010_HCMC_2009",198
"30010_HCMC_2009",272
"30010_HCMC_2009",274
"30010_HCMC_2009",277
"30010_HCMC_2009",278
"30010_HCMC_2009",287
"30010_HCMC_2009",305
"30010_HCMC_2009",337
"30010_HCMC_2009",357
"30037_HCMC_2009",9
"30037_HCMC_2009",16
"30037_HCMC_2009",24
"30037_HCMC_2009",34
"30037_HCMC_2009",113
"30037_HCMC_2009",136
"30037_HCMC_2009",182
"30037_HCMC_2009",196
"30037_HCMC_2009",198
"30037_HCMC_2009",219
"30037_HCMC_2009",327
"30037_HCMC_2009",351
"30054_HCMC_2009",9
"30054_HCMC_2009",24
"30054_HCMC_2009",29
"30054_HCMC_2009",113
"30054_HCMC_2009",132
"30054_HCMC_2009",182
"30054_HCMC_2009",198
"30054_HCMC_2009",290
"30059_HCMC_2009",9
"30059_HCMC_2009",12
"30059_HCMC_2009",13
"30059_HCMC_2009",16
"30059_HCMC_2009",24
"30059_HCMC_2009",28
"30059_HCMC_2009",34
"30059_HCMC_2009",49
"30059_HCMC_2009",70
"30059_HCMC_2009",91
"30059_HCMC_2009",113
"30059_HCMC_2009",124
"30059_HCMC_2009",142
"30059_HCMC_2009",166
"30059_HCMC_2009",182
"30059_HCMC_2009",196
"30059_HCMC_2009",198
"30059_HCMC_2009",251
"30059_HCMC_2009",253
"30059_HCMC_2009",265
"30059_HCMC_2009",351
"30059_HCMC_2009",376
"30059_HCMC_2009",385
"30071_HCMC_2009",9
"30071_HCMC_2009",24
"30071_HCMC_2009",29
"30071_HCMC_2009",113
"30071_HCMC_2009",132
"30071_HCMC_2009",182
"30071_HCMC_2009",198
"30071_HCMC_2009",244
"30071_HCMC_2009",290
"30073_HCMC_2009",9
"30073_HCMC_2009",16
"30073_HCMC_2009",24
"30073_HCMC_2009",34
"30073_HCMC_2009",113
"30073_HCMC_2009",127
"30073_HCMC_2009",182
"30073_HCMC_2009",196
"30073_HCMC_2009",198
"30073_HCMC_2009",219
"30073_HCMC_2009",327
"30073_HCMC_2009",351
"30073_HCMC_2009",380
"30100_HCMC_2009",9
"30100_HCMC_2009",16
"30100_HCMC_2009",24
"30100_HCMC_2009",34
"30100_HCMC_2009",113
"30100_HCMC_2009",182
"30100_HCMC_2009",196
"30100_HCMC_2009",198
"30100_HCMC_2009",219
"30100_HCMC_2009",327
"30100_HCMC_2009",351
"30112_HCMC_2009",9
"30112_HCMC_2009",16
"30112_HCMC_2009",24
"30112_HCMC_2009",34
"30112_HCMC_2009",113
"30112_HCMC_2009",178
"30112_HCMC_2009",182
"30112_HCMC_2009",196
"30112_HCMC_2009",198
"30112_HCMC_2009",219
"30112_HCMC_2009",268
"30112_HCMC_2009",291
"30112_HCMC_2009",327
"30112_HCMC_2009",347
"30112_HCMC_2009",351
"30124_HCMC_2009",9
"30124_HCMC_2009",13
"30124_HCMC_2009",16
"30124_HCMC_2009",24
"30124_HCMC_2009",34
"30124_HCMC_2009",35
"30124_HCMC_2009",49
"30124_HCMC_2009",56
"30124_HCMC_2009",57
"30124_HCMC_2009",80
"30124_HCMC_2009",84
"30124_HCMC_2009",91
"30124_HCMC_2009",96
"30124_HCMC_2009",113
"30124_HCMC_2009",141
"30124_HCMC_2009",142
"30124_HCMC_2009",155
"30124_HCMC_2009",166
"30124_HCMC_2009",182
"30124_HCMC_2009",196
"30124_HCMC_2009",197
"30124_HCMC_2009",198
"30124_HCMC_2009",216
"30124_HCMC_2009",221
"30124_HCMC_2009",251
"30124_HCMC_2009",300
"30124_HCMC_2009",340
"30124_HCMC_2009",351
"30124_HCMC_2009",383
"30162_HCMC_2009",9
"30162_HCMC_2009",16
"30162_HCMC_2009",24
"30162_HCMC_2009",27
"30162_HCMC_2009",34
"30162_HCMC_2009",83
"30162_HCMC_2009",113
"30162_HCMC_2009",182
"30162_HCMC_2009",196
"30162_HCMC_2009",198
"30162_HCMC_2009",219
"30162_HCMC_2009",327
"30162_HCMC_2009",351
"30164_HCMC_2009",9
"30164_HCMC_2009",15
"30164_HCMC_2009",24
"30164_HCMC_2009",52
"30164_HCMC_2009",106
"30164_HCMC_2009",113
"30164_HCMC_2009",145
"30164_HCMC_2009",151
"30164_HCMC_2009",173
"30164_HCMC_2009",182
"30164_HCMC_2009",189
"30164_HCMC_2009",198
"30164_HCMC_2009",272
"30164_HCMC_2009",274
"30164_HCMC_2009",277
"30164_HCMC_2009",278
"30164_HCMC_2009",287
"30164_HCMC_2009",305
"30164_HCMC_2009",337
"30169_HCMC_2009",18
"30169_HCMC_2009",113
"30169_HCMC_2009",150
"30169_HCMC_2009",157
"30169_HCMC_2009",182
"30169_HCMC_2009",283
"30169_HCMC_2009",326
"30169_HCMC_2009",374
"30172_HCMC_2009",9
"30172_HCMC_2009",24
"30172_HCMC_2009",81
"30172_HCMC_2009",113
"30172_HCMC_2009",118
"30172_HCMC_2009",182
"30172_HCMC_2009",198
"30172_HCMC_2009",211
"30172_HCMC_2009",229
"30172_HCMC_2009",240
"30172_HCMC_2009",249
"30172_HCMC_2009",271
"30172_HCMC_2009",281
"30172_HCMC_2009",323
"30172_HCMC_2009",325
"30172_HCMC_2009",351
"30172_HCMC_2009",360
"30174_HCMC_2009",2
"30174_HCMC_2009",3
"30174_HCMC_2009",9
"30174_HCMC_2009",10
"30174_HCMC_2009",19
"30174_HCMC_2009",22
"30174_HCMC_2009",24
"30174_HCMC_2009",26
"30174_HCMC_2009",43
"30174_HCMC_2009",47
"30174_HCMC_2009",76
"30174_HCMC_2009",86
"30174_HCMC_2009",88
"30174_HCMC_2009",113
"30174_HCMC_2009",119
"30174_HCMC_2009",121
"30174_HCMC_2009",130
"30174_HCMC_2009",158
"30174_HCMC_2009",159
"30174_HCMC_2009",182
"30174_HCMC_2009",185
"30174_HCMC_2009",187
"30174_HCMC_2009",198
"30174_HCMC_2009",209
"30174_HCMC_2009",213
"30174_HCMC_2009",220
"30174_HCMC_2009",224
"30174_HCMC_2009",225
"30174_HCMC_2009",228
"30174_HCMC_2009",234
"30174_HCMC_2009",248
"30174_HCMC_2009",279
"30174_HCMC_2009",322
"30174_HCMC_2009",333
"30174_HCMC_2009",335
"30174_HCMC_2009",344
"30174_HCMC_2009",349
"30174_HCMC_2009",351
"30233_HCMC_2009",2
"30233_HCMC_2009",3
"30233_HCMC_2009",9
"30233_HCMC_2009",10
"30233_HCMC_2009",19
"30233_HCMC_2009",22
"30233_HCMC_2009",24
"30233_HCMC_2009",26
"30233_HCMC_2009",43
"30233_HCMC_2009",47
"30233_HCMC_2009",76
"30233_HCMC_2009",86
"30233_HCMC_2009",88
"30233_HCMC_2009",113
"30233_HCMC_2009",119
"30233_HCMC_2009",121
"30233_HCMC_2009",130
"30233_HCMC_2009",158
"30233_HCMC_2009",159
"30233_HCMC_2009",182
"30233_HCMC_2009",185
"30233_HCMC_2009",187
"30233_HCMC_2009",198
"30233_HCMC_2009",209
"30233_HCMC_2009",213
"30233_HCMC_2009",220
"30233_HCMC_2009",224
"30233_HCMC_2009",225
"30233_HCMC_2009",228
"30233_HCMC_2009",234
"30233_HCMC_2009",248
"30233_HCMC_2009",279
"30233_HCMC_2009",322
"30233_HCMC_2009",333
"30233_HCMC_2009",335
"30233_HCMC_2009",344
"30233_HCMC_2009",349
"30233_HCMC_2009",351
"30293_HCMC_2009",9
"30293_HCMC_2009",16
"30293_HCMC_2009",24
"30293_HCMC_2009",34
"30293_HCMC_2009",113
"30293_HCMC_2009",182
"30293_HCMC_2009",196
"30293_HCMC_2009",198
"30293_HCMC_2009",219
"30293_HCMC_2009",327
"30293_HCMC_2009",351
"30366_HCMC_2009",9
"30366_HCMC_2009",16
"30366_HCMC_2009",24
"30366_HCMC_2009",34
"30366_HCMC_2009",75
"30366_HCMC_2009",113
"30366_HCMC_2009",182
"30366_HCMC_2009",196
"30366_HCMC_2009",198
"30366_HCMC_2009",219
"30366_HCMC_2009",327
"30366_HCMC_2009",351
"30371_HCMC_2009",9
"30371_HCMC_2009",16
"30371_HCMC_2009",24
"30371_HCMC_2009",34
"30371_HCMC_2009",113
"30371_HCMC_2009",182
"30371_HCMC_2009",196
"30371_HCMC_2009",198
"30371_HCMC_2009",219
"30371_HCMC_2009",327
"30371_HCMC_2009",351
"30387_HCMC_2010",9
"30387_HCMC_2010",16
"30387_HCMC_2010",24
"30387_HCMC_2010",34
"30387_HCMC_2010",113
"30387_HCMC_2010",182
"30387_HCMC_2010",196
"30387_HCMC_2010",198
"30387_HCMC_2010",219
"30387_HCMC_2010",327
"30387_HCMC_2010",351
"30450_HCMC_2010",9
"30450_HCMC_2010",16
"30450_HCMC_2010",24
"30450_HCMC_2010",34
"30450_HCMC_2010",113
"30450_HCMC_2010",182
"30450_HCMC_2010",196
"30450_HCMC_2010",198
"30450_HCMC_2010",219
"30450_HCMC_2010",327
"30450_HCMC_2010",351
"30451_HCMC_2010",9
"30451_HCMC_2010",16
"30451_HCMC_2010",23
"30451_HCMC_2010",24
"30451_HCMC_2010",34
"30451_HCMC_2010",46
"30451_HCMC_2010",113
"30451_HCMC_2010",182
"30451_HCMC_2010",196
"30451_HCMC_2010",198
"30451_HCMC_2010",219
"30451_HCMC_2010",263
"30451_HCMC_2010",296
"30451_HCMC_2010",327
"30451_HCMC_2010",343
"30451_HCMC_2010",351
"31382_Israel_2003",4
"31382_Israel_2003",9
"31382_Israel_2003",24
"31382_Israel_2003",33
"31382_Israel_2003",36
"31382_Israel_2003",52
"31382_Israel_2003",103
"31382_Israel_2003",105
"31382_Israel_2003",107
"31382_Israel_2003",113
"31382_Israel_2003",169
"31382_Israel_2003",172
"31382_Israel_2003",182
"31382_Israel_2003",189
"31382_Israel_2003",198
"31382_Israel_2003",200
"31382_Israel_2003",232
"31382_Israel_2003",233
"31382_Israel_2003",274
"31382_Israel_2003",277
"31382_Israel_2003",278
"31382_Israel_2003",287
"31382_Israel_2003",294
"31382_Israel_2003",307
"36224_Senegal_2003",9
"36224_Senegal_2003",16
"36224_Senegal_2003",24
"36224_Senegal_2003",34
"36224_Senegal_2003",99
"36224_Senegal_2003",113
"36224_Senegal_2003",182
"36224_Senegal_2003",196
"36224_Senegal_2003",198
"36224_Senegal_2003",219
"36224_Senegal_2003",327
"36224_Senegal_2003",351
"373_Cameroun_1973",9
"373_Cameroun_1973",24
"373_Cameroun_1973",52
"373_Cameroun_1973",63
"373_Cameroun_1973",113
"373_Cameroun_1973",164
"373_Cameroun_1973",173
"373_Cameroun_1973",182
"373_Cameroun_1973",189
"373_Cameroun_1973",198
"373_Cameroun_1973",205
"373_Cameroun_1973",274
"373_Cameroun_1973",276
"373_Cameroun_1973",277
"373_Cameroun_1973",278
"373_Cameroun_1973",287
"373_Cameroun_1973",305
"373_Cameroun_1973",317
"4374_France_1974",1
"4374_France_1974",9
"4374_France_1974",24
"4374_France_1974",29
"4374_France_1974",38
"4374_France_1974",113
"4374_France_1974",132
"4374_France_1974",137
"4374_France_1974",153
"4374_France_1974",160
"4374_France_1974",174
"4374_France_1974",182
"4374_France_1974",183
"4374_France_1974",184
"4374_France_1974",198
"4374_France_1974",208
"4374_France_1974",247
"4374_France_1974",290
"4374_France_1974",304
"4374_France_1974",328
"4374_France_1974",372
"4374_France_1974",375
"4474_France_1974",2
"4474_France_1974",3
"4474_France_1974",9
"4474_France_1974",10
"4474_France_1974",19
"4474_France_1974",22
"4474_France_1974",24
"4474_France_1974",26
"4474_France_1974",43
"4474_France_1974",47
"4474_France_1974",76
"4474_France_1974",86
"4474_France_1974",88
"4474_France_1974",113
"4474_France_1974",119
"4474_France_1974",121
"4474_France_1974",130
"4474_France_1974",158
"4474_France_1974",159
"4474_France_1974",182
"4474_France_1974",185
"4474_France_1974",187
"4474_France_1974",198
"4474_France_1974",209
"4474_France_1974",213
"4474_France_1974",220
"4474_France_1974",224
"4474_France_1974",225
"4474_France_1974",228
"4474_France_1974",234
"4474_France_1974",248
"4474_France_1974",279
"4474_France_1974",322
"4474_France_1974",333
"4474_France_1974",335
"4474_France_1974",344
"4474_France_1974",349
"4474_France_1974",351
"476_France_1976",9
"476_France_1976",24
"476_France_1976",26
"476_France_1976",85
"476_France_1976",86
"476_France_1976",88
"476_France_1976",113
"476_France_1976",182
"476_France_1976",185
"476_France_1976",191
"476_France_1976",198
"476_France_1976",203
"476_France_1976",234
"476_France_1976",236
"476_France_1976",349
"476_France_1976",351
"476_France_1976",377
"53G_Korea_2000",9
"53G_Korea_2000",17
"53G_Korea_2000",24
"53G_Korea_2000",41
"53G_Korea_2000",62
"53G_Korea_2000",113
"53G_Korea_2000",144
"53G_Korea_2000",147
"53G_Korea_2000",168
"53G_Korea_2000",182
"53G_Korea_2000",185
"53G_Korea_2000",194
"53G_Korea_2000",198
"53G_Korea_2000",227
"53G_Korea_2000",234
"53G_Korea_2000",238
"53G_Korea_2000",252
"53G_Korea_2000",254
"53G_Korea_2000",257
"53G_Korea_2000",286
"53G_Korea_2000",338
"53G_Korea_2000",351
"53G_Korea_2000",367
"53G_Korea_2000",382
"54178_Sweden_1945",9
"54178_Sweden_1945",24
"54178_Sweden_1945",29
"54178_Sweden_1945",58
"54178_Sweden_1945",113
"54178_Sweden_1945",132
"54178_Sweden_1945",137
"54178_Sweden_1945",143
"54178_Sweden_1945",153
"54178_Sweden_1945",160
"54178_Sweden_1945",174
"54178_Sweden_1945",182
"54178_Sweden_1945",183
"54178_Sweden_1945",198
"54178_Sweden_1945",208
"54178_Sweden_1945",231
"54178_Sweden_1945",290
"54178_Sweden_1945",372
"54179_Sweden_1944",9
"54179_Sweden_1944",16
"54179_Sweden_1944",24
"54179_Sweden_1944",34
"54179_Sweden_1944",113
"54179_Sweden_1944",182
"54179_Sweden_1944",196
"54179_Sweden_1944",198
"54179_Sweden_1944",219
"54179_Sweden_1944",246
"54179_Sweden_1944",264
"54179_Sweden_1944",327
"54179_Sweden_1944",346
"54179_Sweden_1944",351
"54181_Sweden_1945",9
"54181_Sweden_1945",16
"54181_Sweden_1945",24
"54181_Sweden_1945",34
"54181_Sweden_1945",75
"54181_Sweden_1945",113
"54181_Sweden_1945",182
"54181_Sweden_1945",196
"54181_Sweden_1945",198
"54181_Sweden_1945",219
"54181_Sweden_1945",327
"54181_Sweden_1945",351
"54184_Sweden_1945",9
"54184_Sweden_1945",16
"54184_Sweden_1945",24
"54184_Sweden_1945",34
"54184_Sweden_1945",101
"54184_Sweden_1945",113
"54184_Sweden_1945",182
"54184_Sweden_1945",196
"54184_Sweden_1945",198
"54184_Sweden_1945",219
"54184_Sweden_1945",327
"54184_Sweden_1945",351
"54185_Denmark_1945",9
"54185_Denmark_1945",16
"54185_Denmark_1945",24
"54185_Denmark_1945",34
"54185_Denmark_1945",113
"54185_Denmark_1945",182
"54185_Denmark_1945",196
"54185_Denmark_1945",198
"54185_Denmark_1945",219
"54185_Denmark_1945",327
"54185_Denmark_1945",351
"54190_Sweden_1945",9
"54190_Sweden_1945",16
"54190_Sweden_1945",24
"54190_Sweden_1945",34
"54190_Sweden_1945",113
"54190_Sweden_1945",182
"54190_Sweden_1945",196
"54190_Sweden_1945",198
"54190_Sweden_1945",219
"54190_Sweden_1945",327
"54190_Sweden_1945",351
"54210_Sweden_1943",9
"54210_Sweden_1943",16
"54210_Sweden_1943",24
"54210_Sweden_1943",34
"54210_Sweden_1943",83
"54210_Sweden_1943",113
"54210_Sweden_1943",182
"54210_Sweden_1943",196
"54210_Sweden_1943",198
"54210_Sweden_1943",219
"54210_Sweden_1943",327
"54210_Sweden_1943",351
"54213_France_1945",9
"54213_France_1945",16
"54213_France_1945",24
"54213_France_1945",34
"54213_France_1945",113
"54213_France_1945",182
"54213_France_1945",196
"54213_France_1945",198
"54213_France_1945",219
"54213_France_1945",327
"54213_France_1945",351
"54216_Sweden_1946",8
"54216_Sweden_1946",9
"54216_Sweden_1946",16
"54216_Sweden_1946",24
"54216_Sweden_1946",34
"54216_Sweden_1946",72
"54216_Sweden_1946",102
"54216_Sweden_1946",113
"54216_Sweden_1946",128
"54216_Sweden_1946",161
"54216_Sweden_1946",182
"54216_Sweden_1946",196
"54216_Sweden_1946",198
"54216_Sweden_1946",219
"54216_Sweden_1946",242
"54216_Sweden_1946",250
"54216_Sweden_1946",266
"54216_Sweden_1946",284
"54216_Sweden_1946",301
"54216_Sweden_1946",311
"54216_Sweden_1946",327
"54216_Sweden_1946",351
"54228_Sweden_1947",9
"54228_Sweden_1947",16
"54228_Sweden_1947",24
"54228_Sweden_1947",34
"54228_Sweden_1947",101
"54228_Sweden_1947",113
"54228_Sweden_1947",182
"54228_Sweden_1947",196
"54228_Sweden_1947",198
"54228_Sweden_1947",219
"54228_Sweden_1947",241
"54228_Sweden_1947",298
"54228_Sweden_1947",319
"54228_Sweden_1947",327
"54228_Sweden_1947",351
"54228_Sweden_1947",359
"54228_Sweden_1947",361
"5827_Madagascar_2000",9
"5827_Madagascar_2000",16
"5827_Madagascar_2000",24
"5827_Madagascar_2000",34
"5827_Madagascar_2000",113
"5827_Madagascar_2000",182
"5827_Madagascar_2000",196
"5827_Madagascar_2000",198
"5827_Madagascar_2000",219
"5827_Madagascar_2000",327
"5827_Madagascar_2000",347
"5827_Madagascar_2000",351
"658_France_1958",9
"658_France_1958",16
"658_France_1958",24
"658_France_1958",34
"658_France_1958",113
"658_France_1958",182
"658_France_1958",196
"658_France_1958",198
"658_France_1958",219
"658_France_1958",327
"658_France_1958",351
"8883_France_1983",9
"8883_France_1983",16
"8883_France_1983",24
"8883_France_1983",34
"8883_France_1983",100
"8883_France_1983",113
"8883_France_1983",182
"8883_France_1983",196
"8883_France_1983",198
"8883_France_1983",219
"8883_France_1983",327
"8883_France_1983",351
"970044_New",9
"970044_New",16
"970044_New",24
"970044_New",34
"970044_New",101
"970044_New",113
"970044_New",182
"970044_New",196
"970044_New",198
"970044_New",219
"970044_New",230
"970044_New",327
"970044_New",351
"9810267_Madagascar_1998",9
"9810267_Madagascar_1998",12
"9810267_Madagascar_1998",13
"9810267_Madagascar_1998",16
"9810267_Madagascar_1998",24
"9810267_Madagascar_1998",28
"9810267_Madagascar_1998",34
"9810267_Madagascar_1998",49
"9810267_Madagascar_1998",70
"9810267_Madagascar_1998",91
"9810267_Madagascar_1998",113
"9810267_Madagascar_1998",124
"9810267_Madagascar_1998",142
"9810267_Madagascar_1998",166
"9810267_Madagascar_1998",182
"9810267_Madagascar_1998",196
"9810267_Madagascar_1998",198
"9810267_Madagascar_1998",251
"9810267_Madagascar_1998",253
"9810267_Madagascar_1998",351
"9810267_Madagascar_1998",376
"9810267_Madagascar_1998",385
"988743_French",9
"988743_French",16
"988743_French",24
"988743_French",34
"988743_French",113
"988743_French",182
"988743_French",196
"988743_French",198
"988743_French",219
"988743_French",273
"988743_French",327
"988743_French",351
"989560_Madagascar_1998",9
"989560_Madagascar_1998",16
"989560_Madagascar_1998",24
"989560_Madagascar_1998",34
"989560_Madagascar_1998",113
"989560_Madagascar_1998",146
"989560_Madagascar_1998",182
"989560_Madagascar_1998",196
"989560_Madagascar_1998",198
"989560_Madagascar_1998",219
"989560_Madagascar_1998",246
"989560_Madagascar_1998",302
"989560_Madagascar_1998",320
"989560_Madagascar_1998",327
"989560_Madagascar_1998",351
"989560_Madagascar_1998",381
"998911_France_1999",9
"998911_France_1999",16
"998911_France_1999",24
"998911_France_1999",34
"998911_France_1999",113
"998911_France_1999",182
"998911_France_1999",196
"998911_France_1999",198
"998911_France_1999",218
"998911_France_1999",219
"998911_France_1999",327
"998911_France_1999",351
"CS14_Brazil_2001",9
"CS14_Brazil_2001",16
"CS14_Brazil_2001",24
"CS14_Brazil_2001",34
"CS14_Brazil_2001",113
"CS14_Brazil_2001",182
"CS14_Brazil_2001",196
"CS14_Brazil_2001",198
"CS14_Brazil_2001",219
"CS14_Brazil_2001",327
"CS14_Brazil_2001",351
"CS2_Brazil_1997",182
"CS20_Brazil_2002",9
"CS20_Brazil_2002",12
"CS20_Brazil_2002",13
"CS20_Brazil_2002",16
"CS20_Brazil_2002",24
"CS20_Brazil_2002",28
"CS20_Brazil_2002",34
"CS20_Brazil_2002",49
"CS20_Brazil_2002",70
"CS20_Brazil_2002",91
"CS20_Brazil_2002",113
"CS20_Brazil_2002",124
"CS20_Brazil_2002",142
"CS20_Brazil_2002",182
"CS20_Brazil_2002",196
"CS20_Brazil_2002",198
"CS20_Brazil_2002",251
"CS20_Brazil_2002",253
"CS20_Brazil_2002",351
"CS20_Brazil_2002",376
"CS20_Brazil_2002",385
"CS6_Brazil_2000",9
"CS6_Brazil_2000",24
"CS6_Brazil_2000",52
"CS6_Brazil_2000",104
"CS6_Brazil_2000",111
"CS6_Brazil_2000",113
"CS6_Brazil_2000",123
"CS6_Brazil_2000",133
"CS6_Brazil_2000",152
"CS6_Brazil_2000",163
"CS6_Brazil_2000",173
"CS6_Brazil_2000",182
"CS6_Brazil_2000",186
"CS6_Brazil_2000",189
"CS6_Brazil_2000",192
"CS6_Brazil_2000",198
"CS6_Brazil_2000",262
"CS6_Brazil_2000",274
"CS6_Brazil_2000",277
"CS6_Brazil_2000",278
"CS6_Brazil_2000",287
"CS6_Brazil_2000",313
"CS6_Brazil_2000",314
"CS6_Brazil_2000",331
"CS6_Brazil_2000",363
"CS7_Brazil_2000",9
"CS7_Brazil_2000",16
"CS7_Brazil_2000",24
"CS7_Brazil_2000",34
"CS7_Brazil_2000",113
"CS7_Brazil_2000",182
"CS7_Brazil_2000",196
"CS7_Brazil_2000",198
"CS7_Brazil_2000",219
"CS7_Brazil_2000",327
"CS7_Brazil_2000",351
"DE0115_HCMC_2000",9
"DE0115_HCMC_2000",16
"DE0115_HCMC_2000",24
"DE0115_HCMC_2000",34
"DE0115_HCMC_2000",113
"DE0115_HCMC_2000",182
"DE0115_HCMC_2000",196
"DE0115_HCMC_2000",198
"DE0115_HCMC_2000",219
"DE0115_HCMC_2000",327
"DE0115_HCMC_2000",351
"DE0127_HCMC_2000",9
"DE0127_HCMC_2000",16
"DE0127_HCMC_2000",24
"DE0127_HCMC_2000",34
"DE0127_HCMC_2000",113
"DE0127_HCMC_2000",182
"DE0127_HCMC_2000",196
"DE0127_HCMC_2000",198
"DE0127_HCMC_2000",219
"DE0127_HCMC_2000",327
"DE0127_HCMC_2000",351
"DE0127_HCMC_2000",356
"DE0199_HCMC_2000",9
"DE0199_HCMC_2000",12
"DE0199_HCMC_2000",13
"DE0199_HCMC_2000",16
"DE0199_HCMC_2000",24
"DE0199_HCMC_2000",28
"DE0199_HCMC_2000",32
"DE0199_HCMC_2000",34
"DE0199_HCMC_2000",49
"DE0199_HCMC_2000",70
"DE0199_HCMC_2000",91
"DE0199_HCMC_2000",113
"DE0199_HCMC_2000",124
"DE0199_HCMC_2000",142
"DE0199_HCMC_2000",166
"DE0199_HCMC_2000",182
"DE0199_HCMC_2000",196
"DE0199_HCMC_2000",198
"DE0199_HCMC_2000",251
"DE0199_HCMC_2000",253
"DE0199_HCMC_2000",265
"DE0199_HCMC_2000",351
"DE0199_HCMC_2000",376
"DE0199_HCMC_2000",385
"DE0248_HCMC_2000",9
"DE0248_HCMC_2000",16
"DE0248_HCMC_2000",24
"DE0248_HCMC_2000",34
"DE0248_HCMC_2000",99
"DE0248_HCMC_2000",113
"DE0248_HCMC_2000",182
"DE0248_HCMC_2000",196
"DE0248_HCMC_2000",198
"DE0248_HCMC_2000",219
"DE0248_HCMC_2000",269
"DE0248_HCMC_2000",327
"DE0248_HCMC_2000",351
"DE0295_HCMC_2000",9
"DE0295_HCMC_2000",16
"DE0295_HCMC_2000",24
"DE0295_HCMC_2000",34
"DE0295_HCMC_2000",113
"DE0295_HCMC_2000",182
"DE0295_HCMC_2000",196
"DE0295_HCMC_2000",198
"DE0295_HCMC_2000",219
"DE0295_HCMC_2000",327
"DE0295_HCMC_2000",351
"DE0303_HCMC_2000",9
"DE0303_HCMC_2000",16
"DE0303_HCMC_2000",24
"DE0303_HCMC_2000",34
"DE0303_HCMC_2000",113
"DE0303_HCMC_2000",182
"DE0303_HCMC_2000",196
"DE0303_HCMC_2000",198
"DE0303_HCMC_2000",219
"DE0303_HCMC_2000",327
"DE0303_HCMC_2000",351
"DE0306_HCMC_2000",9
"DE0306_HCMC_2000",24
"DE0306_HCMC_2000",29
"DE0306_HCMC_2000",44
"DE0306_HCMC_2000",93
"DE0306_HCMC_2000",113
"DE0306_HCMC_2000",132
"DE0306_HCMC_2000",135
"DE0306_HCMC_2000",137
"DE0306_HCMC_2000",138
"DE0306_HCMC_2000",139
"DE0306_HCMC_2000",153
"DE0306_HCMC_2000",160
"DE0306_HCMC_2000",165
"DE0306_HCMC_2000",174
"DE0306_HCMC_2000",182
"DE0306_HCMC_2000",183
"DE0306_HCMC_2000",198
"DE0306_HCMC_2000",208
"DE0306_HCMC_2000",243
"DE0306_HCMC_2000",256
"DE0306_HCMC_2000",285
"DE0306_HCMC_2000",290
"DE0306_HCMC_2000",293
"DE0306_HCMC_2000",308
"DE0306_HCMC_2000",310
"DE0306_HCMC_2000",330
"DE0306_HCMC_2000",366
"DE0306_HCMC_2000",371
"DE0306_HCMC_2000",372
"DE0306_HCMC_2000",373
"DE0330_HCMC_2000",9
"DE0330_HCMC_2000",16
"DE0330_HCMC_2000",24
"DE0330_HCMC_2000",34
"DE0330_HCMC_2000",99
"DE0330_HCMC_2000",113
"DE0330_HCMC_2000",182
"DE0330_HCMC_2000",196
"DE0330_HCMC_2000",198
"DE0330_HCMC_2000",219
"DE0330_HCMC_2000",327
"DE0330_HCMC_2000",351
"DE0427_HCMC_2000",9
"DE0427_HCMC_2000",16
"DE0427_HCMC_2000",24
"DE0427_HCMC_2000",34
"DE0427_HCMC_2000",113
"DE0427_HCMC_2000",182
"DE0427_HCMC_2000",196
"DE0427_HCMC_2000",198
"DE0427_HCMC_2000",219
"DE0427_HCMC_2000",327
"DE0427_HCMC_2000",351
"DE0477_HCMC_2000",5
"DE0477_HCMC_2000",9
"DE0477_HCMC_2000",24
"DE0477_HCMC_2000",42
"DE0477_HCMC_2000",71
"DE0477_HCMC_2000",73
"DE0477_HCMC_2000",77
"DE0477_HCMC_2000",95
"DE0477_HCMC_2000",109
"DE0477_HCMC_2000",113
"DE0477_HCMC_2000",116
"DE0477_HCMC_2000",118
"DE0477_HCMC_2000",170
"DE0477_HCMC_2000",175
"DE0477_HCMC_2000",182
"DE0477_HCMC_2000",198
"DE0477_HCMC_2000",211
"DE0477_HCMC_2000",215
"DE0477_HCMC_2000",226
"DE0477_HCMC_2000",229
"DE0477_HCMC_2000",255
"DE0477_HCMC_2000",270
"DE0477_HCMC_2000",271
"DE0477_HCMC_2000",281
"DE0477_HCMC_2000",282
"DE0477_HCMC_2000",292
"DE0477_HCMC_2000",318
"DE0477_HCMC_2000",325
"DE0477_HCMC_2000",329
"DE0477_HCMC_2000",351
"DE0477_HCMC_2000",353
"DE0477_HCMC_2000",364
"DE0477_HCMC_2000",369
"DE0489_HCMC_2000",9
"DE0489_HCMC_2000",14
"DE0489_HCMC_2000",24
"DE0489_HCMC_2000",29
"DE0489_HCMC_2000",40
"DE0489_HCMC_2000",51
"DE0489_HCMC_2000",113
"DE0489_HCMC_2000",122
"DE0489_HCMC_2000",132
"DE0489_HCMC_2000",137
"DE0489_HCMC_2000",153
"DE0489_HCMC_2000",160
"DE0489_HCMC_2000",174
"DE0489_HCMC_2000",176
"DE0489_HCMC_2000",182
"DE0489_HCMC_2000",183
"DE0489_HCMC_2000",198
"DE0489_HCMC_2000",199
"DE0489_HCMC_2000",208
"DE0489_HCMC_2000",235
"DE0489_HCMC_2000",258
"DE0489_HCMC_2000",290
"DE0489_HCMC_2000",321
"DE0489_HCMC_2000",372
"DE0490_HCMC_2000",9
"DE0490_HCMC_2000",24
"DE0490_HCMC_2000",29
"DE0490_HCMC_2000",93
"DE0490_HCMC_2000",113
"DE0490_HCMC_2000",132
"DE0490_HCMC_2000",135
"DE0490_HCMC_2000",137
"DE0490_HCMC_2000",138
"DE0490_HCMC_2000",139
"DE0490_HCMC_2000",153
"DE0490_HCMC_2000",160
"DE0490_HCMC_2000",165
"DE0490_HCMC_2000",174
"DE0490_HCMC_2000",182
"DE0490_HCMC_2000",183
"DE0490_HCMC_2000",198
"DE0490_HCMC_2000",208
"DE0490_HCMC_2000",243
"DE0490_HCMC_2000",256
"DE0490_HCMC_2000",285
"DE0490_HCMC_2000",290
"DE0490_HCMC_2000",293
"DE0490_HCMC_2000",308
"DE0490_HCMC_2000",310
"DE0490_HCMC_2000",330
"DE0490_HCMC_2000",366
"DE0490_HCMC_2000",372
"DE0490_HCMC_2000",373
"DE0579_HCMC_2001",9
"DE0579_HCMC_2001",16
"DE0579_HCMC_2001",24
"DE0579_HCMC_2001",34
"DE0579_HCMC_2001",113
"DE0579_HCMC_2001",167
"DE0579_HCMC_2001",182
"DE0579_HCMC_2001",196
"DE0579_HCMC_2001",198
"DE0579_HCMC_2001",219
"DE0579_HCMC_2001",237
"DE0579_HCMC_2001",327
"DE0579_HCMC_2001",351
"DE0611_HCMC_2001",2
"DE0611_HCMC_2001",3
"DE0611_HCMC_2001",9
"DE0611_HCMC_2001",10
"DE0611_HCMC_2001",19
"DE0611_HCMC_2001",22
"DE0611_HCMC_2001",24
"DE0611_HCMC_2001",26
"DE0611_HCMC_2001",43
"DE0611_HCMC_2001",47
"DE0611_HCMC_2001",76
"DE0611_HCMC_2001",86
"DE0611_HCMC_2001",88
"DE0611_HCMC_2001",113
"DE0611_HCMC_2001",119
"DE0611_HCMC_2001",121
"DE0611_HCMC_2001",130
"DE0611_HCMC_2001",158
"DE0611_HCMC_2001",159
"DE0611_HCMC_2001",182
"DE0611_HCMC_2001",185
"DE0611_HCMC_2001",187
"DE0611_HCMC_2001",198
"DE0611_HCMC_2001",209
"DE0611_HCMC_2001",213
"DE0611_HCMC_2001",220
"DE0611_HCMC_2001",224
"DE0611_HCMC_2001",225
"DE0611_HCMC_2001",228
"DE0611_HCMC_2001",234
"DE0611_HCMC_2001",239
"DE0611_HCMC_2001",248
"DE0611_HCMC_2001",279
"DE0611_HCMC_2001",322
"DE0611_HCMC_2001",333
"DE0611_HCMC_2001",335
"DE0611_HCMC_2001",344
"DE0611_HCMC_2001",349
"DE0611_HCMC_2001",351
"DE0654_HCMC_2001",6
"DE0654_HCMC_2001",9
"DE0654_HCMC_2001",11
"DE0654_HCMC_2001",16
"DE0654_HCMC_2001",24
"DE0654_HCMC_2001",34
"DE0654_HCMC_2001",54
"DE0654_HCMC_2001",68
"DE0654_HCMC_2001",92
"DE0654_HCMC_2001",113
"DE0654_HCMC_2001",131
"DE0654_HCMC_2001",154
"DE0654_HCMC_2001",182
"DE0654_HCMC_2001",196
"DE0654_HCMC_2001",198
"DE0654_HCMC_2001",202
"DE0654_HCMC_2001",214
"DE0654_HCMC_2001",223
"DE0654_HCMC_2001",259
"DE0654_HCMC_2001",260
"DE0654_HCMC_2001",297
"DE0654_HCMC_2001",332
"DE0654_HCMC_2001",350
"DE0654_HCMC_2001",351
"DE0654_HCMC_2001",378
"DE0655_HCMC_2001",9
"DE0655_HCMC_2001",16
"DE0655_HCMC_2001",24
"DE0655_HCMC_2001",34
"DE0655_HCMC_2001",113
"DE0655_HCMC_2001",182
"DE0655_HCMC_2001",196
"DE0655_HCMC_2001",198
"DE0655_HCMC_2001",219
"DE0655_HCMC_2001",327
"DE0655_HCMC_2001",351
"DE0685_HCMC_2001",9
"DE0685_HCMC_2001",16
"DE0685_HCMC_2001",24
"DE0685_HCMC_2001",34
"DE0685_HCMC_2001",55
"DE0685_HCMC_2001",66
"DE0685_HCMC_2001",74
"DE0685_HCMC_2001",78
"DE0685_HCMC_2001",113
"DE0685_HCMC_2001",140
"DE0685_HCMC_2001",171
"DE0685_HCMC_2001",182
"DE0685_HCMC_2001",198
"DE0685_HCMC_2001",206
"DE0685_HCMC_2001",210
"DE0685_HCMC_2001",244
"DE0685_HCMC_2001",261
"DE0685_HCMC_2001",309
"DE0685_HCMC_2001",341
"DE0685_HCMC_2001",351
"DE0685_HCMC_2001",355
"DE0685_HCMC_2001",368
"DE0816_HCMC_2001",9
"DE0816_HCMC_2001",16
"DE0816_HCMC_2001",24
"DE0816_HCMC_2001",34
"DE0816_HCMC_2001",75
"DE0816_HCMC_2001",113
"DE0816_HCMC_2001",182
"DE0816_HCMC_2001",196
"DE0816_HCMC_2001",198
"DE0816_HCMC_2001",219
"DE0816_HCMC_2001",327
"DE0816_HCMC_2001",351
"DE0846_HCMC_2001",9
"DE0846_HCMC_2001",24
"DE0846_HCMC_2001",29
"DE0846_HCMC_2001",93
"DE0846_HCMC_2001",113
"DE0846_HCMC_2001",132
"DE0846_HCMC_2001",135
"DE0846_HCMC_2001",138
"DE0846_HCMC_2001",165
"DE0846_HCMC_2001",182
"DE0846_HCMC_2001",183
"DE0846_HCMC_2001",198
"DE0846_HCMC_2001",208
"DE0846_HCMC_2001",256
"DE0846_HCMC_2001",285
"DE0846_HCMC_2001",290
"DE0846_HCMC_2001",308
"DE0846_HCMC_2001",310
"DE0846_HCMC_2001",330
"DE0846_HCMC_2001",371
"DE0846_HCMC_2001",372
"DE0885_HCMC_2001",9
"DE0885_HCMC_2001",16
"DE0885_HCMC_2001",24
"DE0885_HCMC_2001",34
"DE0885_HCMC_2001",101
"DE0885_HCMC_2001",113
"DE0885_HCMC_2001",182
"DE0885_HCMC_2001",196
"DE0885_HCMC_2001",198
"DE0885_HCMC_2001",219
"DE0885_HCMC_2001",327
"DE0885_HCMC_2001",351
"DE0891_HCMC_2001",9
"DE0891_HCMC_2001",16
"DE0891_HCMC_2001",24
"DE0891_HCMC_2001",34
"DE0891_HCMC_2001",113
"DE0891_HCMC_2001",182
"DE0891_HCMC_2001",196
"DE0891_HCMC_2001",198
"DE0891_HCMC_2001",219
"DE0891_HCMC_2001",327
"DE0891_HCMC_2001",351
"DE0900_HCMC_2001",9
"DE0900_HCMC_2001",16
"DE0900_HCMC_2001",24
"DE0900_HCMC_2001",34
"DE0900_HCMC_2001",113
"DE0900_HCMC_2001",182
"DE0900_HCMC_2001",196
"DE0900_HCMC_2001",198
"DE0900_HCMC_2001",219
"DE0900_HCMC_2001",327
"DE0900_HCMC_2001",351
"DE0965_HCMC_2001",9
"DE0965_HCMC_2001",12
"DE0965_HCMC_2001",13
"DE0965_HCMC_2001",16
"DE0965_HCMC_2001",24
"DE0965_HCMC_2001",28
"DE0965_HCMC_2001",34
"DE0965_HCMC_2001",49
"DE0965_HCMC_2001",70
"DE0965_HCMC_2001",91
"DE0965_HCMC_2001",113
"DE0965_HCMC_2001",124
"DE0965_HCMC_2001",142
"DE0965_HCMC_2001",166
"DE0965_HCMC_2001",182
"DE0965_HCMC_2001",196
"DE0965_HCMC_2001",198
"DE0965_HCMC_2001",251
"DE0965_HCMC_2001",253
"DE0965_HCMC_2001",265
"DE0965_HCMC_2001",351
"DE0965_HCMC_2001",376
"DE0965_HCMC_2001",385
"DE1063_HCMC_2002",9
"DE1063_HCMC_2002",24
"DE1063_HCMC_2002",29
"DE1063_HCMC_2002",93
"DE1063_HCMC_2002",113
"DE1063_HCMC_2002",132
"DE1063_HCMC_2002",135
"DE1063_HCMC_2002",137
"DE1063_HCMC_2002",138
"DE1063_HCMC_2002",139
"DE1063_HCMC_2002",153
"DE1063_HCMC_2002",160
"DE1063_HCMC_2002",165
"DE1063_HCMC_2002",174
"DE1063_HCMC_2002",182
"DE1063_HCMC_2002",183
"DE1063_HCMC_2002",198
"DE1063_HCMC_2002",208
"DE1063_HCMC_2002",243
"DE1063_HCMC_2002",256
"DE1063_HCMC_2002",285
"DE1063_HCMC_2002",290
"DE1063_HCMC_2002",293
"DE1063_HCMC_2002",308
"DE1063_HCMC_2002",310
"DE1063_HCMC_2002",330
"DE1063_HCMC_2002",366
"DE1063_HCMC_2002",372
"DE1063_HCMC_2002",373
"DE1140_HCMC_2002",9
"DE1140_HCMC_2002",24
"DE1140_HCMC_2002",52
"DE1140_HCMC_2002",53
"DE1140_HCMC_2002",63
"DE1140_HCMC_2002",113
"DE1140_HCMC_2002",173
"DE1140_HCMC_2002",182
"DE1140_HCMC_2002",189
"DE1140_HCMC_2002",198
"DE1140_HCMC_2002",201
"DE1140_HCMC_2002",274
"DE1140_HCMC_2002",276
"DE1140_HCMC_2002",277
"DE1140_HCMC_2002",278
"DE1140_HCMC_2002",287
"DE1140_HCMC_2002",305
"DE1140_HCMC_2002",317
"DE1140_HCMC_2002",357
"DE1140_HCMC_2002",370
"DE1150_HCMC_2002",9
"DE1150_HCMC_2002",16
"DE1150_HCMC_2002",24
"DE1150_HCMC_2002",34
"DE1150_HCMC_2002",113
"DE1150_HCMC_2002",182
"DE1150_HCMC_2002",196
"DE1150_HCMC_2002",198
"DE1150_HCMC_2002",219
"DE1150_HCMC_2002",327
"DE1150_HCMC_2002",351
"DE1165_HCMC_2002",9
"DE1165_HCMC_2002",24
"DE1165_HCMC_2002",29
"DE1165_HCMC_2002",39
"DE1165_HCMC_2002",45
"DE1165_HCMC_2002",113
"DE1165_HCMC_2002",126
"DE1165_HCMC_2002",132
"DE1165_HCMC_2002",134
"DE1165_HCMC_2002",137
"DE1165_HCMC_2002",148
"DE1165_HCMC_2002",153
"DE1165_HCMC_2002",160
"DE1165_HCMC_2002",174
"DE1165_HCMC_2002",182
"DE1165_HCMC_2002",183
"DE1165_HCMC_2002",198
"DE1165_HCMC_2002",208
"DE1165_HCMC_2002",212
"DE1165_HCMC_2002",275
"DE1165_HCMC_2002",290
"DE1165_HCMC_2002",315
"DE1165_HCMC_2002",372
"DE1191_HCMC_2002",9
"DE1191_HCMC_2002",16
"DE1191_HCMC_2002",24
"DE1191_HCMC_2002",34
"DE1191_HCMC_2002",99
"DE1191_HCMC_2002",113
"DE1191_HCMC_2002",182
"DE1191_HCMC_2002",196
"DE1191_HCMC_2002",198
"DE1191_HCMC_2002",219
"DE1191_HCMC_2002",327
"DE1191_HCMC_2002",351
"DE1198_HCMC_2002",9
"DE1198_HCMC_2002",16
"DE1198_HCMC_2002",24
"DE1198_HCMC_2002",34
"DE1198_HCMC_2002",113
"DE1198_HCMC_2002",182
"DE1198_HCMC_2002",196
"DE1198_HCMC_2002",198
"DE1198_HCMC_2002",219
"DE1198_HCMC_2002",327
"DE1198_HCMC_2002",351
"DE1208_HCMC_2002",9
"DE1208_HCMC_2002",15
"DE1208_HCMC_2002",24
"DE1208_HCMC_2002",52
"DE1208_HCMC_2002",67
"DE1208_HCMC_2002",87
"DE1208_HCMC_2002",106
"DE1208_HCMC_2002",113
"DE1208_HCMC_2002",173
"DE1208_HCMC_2002",182
"DE1208_HCMC_2002",188
"DE1208_HCMC_2002",189
"DE1208_HCMC_2002",190
"DE1208_HCMC_2002",198
"DE1208_HCMC_2002",272
"DE1208_HCMC_2002",274
"DE1208_HCMC_2002",277
"DE1208_HCMC_2002",278
"DE1208_HCMC_2002",287
"DE1208_HCMC_2002",305
"DE1208_HCMC_2002",337
"DE1208_HCMC_2002",357
"DE1209_HCMC_2002",9
"DE1209_HCMC_2002",20
"DE1209_HCMC_2002",21
"DE1209_HCMC_2002",24
"DE1209_HCMC_2002",26
"DE1209_HCMC_2002",43
"DE1209_HCMC_2002",48
"DE1209_HCMC_2002",61
"DE1209_HCMC_2002",86
"DE1209_HCMC_2002",88
"DE1209_HCMC_2002",113
"DE1209_HCMC_2002",120
"DE1209_HCMC_2002",130
"DE1209_HCMC_2002",149
"DE1209_HCMC_2002",159
"DE1209_HCMC_2002",179
"DE1209_HCMC_2002",181
"DE1209_HCMC_2002",182
"DE1209_HCMC_2002",185
"DE1209_HCMC_2002",198
"DE1209_HCMC_2002",234
"DE1209_HCMC_2002",245
"DE1209_HCMC_2002",248
"DE1209_HCMC_2002",312
"DE1209_HCMC_2002",349
"DE1209_HCMC_2002",351
"DE1209_HCMC_2002",354
"DE1209_HCMC_2002",365
"DE1209_HCMC_2002",379
"DE1256_HCMC_2002",4
"DE1256_HCMC_2002",9
"DE1256_HCMC_2002",24
"DE1256_HCMC_2002",33
"DE1256_HCMC_2002",36
"DE1256_HCMC_2002",52
"DE1256_HCMC_2002",103
"DE1256_HCMC_2002",105
"DE1256_HCMC_2002",107
"DE1256_HCMC_2002",113
"DE1256_HCMC_2002",169
"DE1256_HCMC_2002",172
"DE1256_HCMC_2002",182
"DE1256_HCMC_2002",189
"DE1256_HCMC_2002",198
"DE1256_HCMC_2002",200
"DE1256_HCMC_2002",232
"DE1256_HCMC_2002",233
"DE1256_HCMC_2002",274
"DE1256_HCMC_2002",277
"DE1256_HCMC_2002",278
"DE1256_HCMC_2002",287
"DE1256_HCMC_2002",294
"DE1256_HCMC_2002",307
"DE1318_HCMC_2002",9
"DE1318_HCMC_2002",16
"DE1318_HCMC_2002",24
"DE1318_HCMC_2002",34
"DE1318_HCMC_2002",113
"DE1318_HCMC_2002",182
"DE1318_HCMC_2002",196
"DE1318_HCMC_2002",198
"DE1318_HCMC_2002",219
"DE1318_HCMC_2002",303
"DE1318_HCMC_2002",327
"DE1318_HCMC_2002",351
"DE1336_HCMC_2002",9
"DE1336_HCMC_2002",16
"DE1336_HCMC_2002",24
"DE1336_HCMC_2002",34
"DE1336_HCMC_2002",74
"DE1336_HCMC_2002",113
"DE1336_HCMC_2002",140
"DE1336_HCMC_2002",171
"DE1336_HCMC_2002",182
"DE1336_HCMC_2002",198
"DE1336_HCMC_2002",309
"DE1336_HCMC_2002",341
"DE1336_HCMC_2002",351
"DE1404_HCMC_2002",9
"DE1404_HCMC_2002",15
"DE1404_HCMC_2002",24
"DE1404_HCMC_2002",52
"DE1404_HCMC_2002",106
"DE1404_HCMC_2002",113
"DE1404_HCMC_2002",173
"DE1404_HCMC_2002",182
"DE1404_HCMC_2002",189
"DE1404_HCMC_2002",198
"DE1404_HCMC_2002",222
"DE1404_HCMC_2002",274
"DE1404_HCMC_2002",277
"DE1404_HCMC_2002",278
"DE1404_HCMC_2002",287
"DE1404_HCMC_2002",305
"DE1404_HCMC_2002",337
"DE1486_HCMC_2002",9
"DE1486_HCMC_2002",15
"DE1486_HCMC_2002",24
"DE1486_HCMC_2002",52
"DE1486_HCMC_2002",67
"DE1486_HCMC_2002",106
"DE1486_HCMC_2002",113
"DE1486_HCMC_2002",173
"DE1486_HCMC_2002",182
"DE1486_HCMC_2002",189
"DE1486_HCMC_2002",198
"DE1486_HCMC_2002",274
"DE1486_HCMC_2002",277
"DE1486_HCMC_2002",278
"DE1486_HCMC_2002",287
"DE1486_HCMC_2002",305
"DE1486_HCMC_2002",337
"EG0129_HCMC_2007",9
"EG0129_HCMC_2007",16
"EG0129_HCMC_2007",24
"EG0129_HCMC_2007",34
"EG0129_HCMC_2007",99
"EG0129_HCMC_2007",113
"EG0129_HCMC_2007",182
"EG0129_HCMC_2007",196
"EG0129_HCMC_2007",198
"EG0129_HCMC_2007",219
"EG0129_HCMC_2007",327
"EG0129_HCMC_2007",351
"EG0159_HCMC_2007",9
"EG0159_HCMC_2007",24
"EG0159_HCMC_2007",25
"EG0159_HCMC_2007",26
"EG0159_HCMC_2007",86
"EG0159_HCMC_2007",88
"EG0159_HCMC_2007",94
"EG0159_HCMC_2007",97
"EG0159_HCMC_2007",113
"EG0159_HCMC_2007",130
"EG0159_HCMC_2007",156
"EG0159_HCMC_2007",177
"EG0159_HCMC_2007",182
"EG0159_HCMC_2007",185
"EG0159_HCMC_2007",195
"EG0159_HCMC_2007",198
"EG0159_HCMC_2007",234
"EG0159_HCMC_2007",349
"EG0159_HCMC_2007",351
"EG0204_HCMC_2008",2
"EG0204_HCMC_2008",3
"EG0204_HCMC_2008",9
"EG0204_HCMC_2008",10
"EG0204_HCMC_2008",19
"EG0204_HCMC_2008",24
"EG0204_HCMC_2008",26
"EG0204_HCMC_2008",43
"EG0204_HCMC_2008",47
"EG0204_HCMC_2008",86
"EG0204_HCMC_2008",88
"EG0204_HCMC_2008",113
"EG0204_HCMC_2008",119
"EG0204_HCMC_2008",121
"EG0204_HCMC_2008",130
"EG0204_HCMC_2008",158
"EG0204_HCMC_2008",159
"EG0204_HCMC_2008",180
"EG0204_HCMC_2008",182
"EG0204_HCMC_2008",185
"EG0204_HCMC_2008",187
"EG0204_HCMC_2008",198
"EG0204_HCMC_2008",209
"EG0204_HCMC_2008",213
"EG0204_HCMC_2008",220
"EG0204_HCMC_2008",224
"EG0204_HCMC_2008",225
"EG0204_HCMC_2008",228
"EG0204_HCMC_2008",234
"EG0204_HCMC_2008",248
"EG0204_HCMC_2008",279
"EG0204_HCMC_2008",322
"EG0204_HCMC_2008",335
"EG0204_HCMC_2008",344
"EG0204_HCMC_2008",349
"EG0204_HCMC_2008",351
"EG0255_HCMC_2008",9
"EG0255_HCMC_2008",24
"EG0255_HCMC_2008",29
"EG0255_HCMC_2008",93
"EG0255_HCMC_2008",113
"EG0255_HCMC_2008",132
"EG0255_HCMC_2008",135
"EG0255_HCMC_2008",137
"EG0255_HCMC_2008",138
"EG0255_HCMC_2008",153
"EG0255_HCMC_2008",160
"EG0255_HCMC_2008",174
"EG0255_HCMC_2008",182
"EG0255_HCMC_2008",183
"EG0255_HCMC_2008",198
"EG0255_HCMC_2008",208
"EG0255_HCMC_2008",243
"EG0255_HCMC_2008",256
"EG0255_HCMC_2008",285
"EG0255_HCMC_2008",290
"EG0255_HCMC_2008",310
"EG0255_HCMC_2008",330
"EG0255_HCMC_2008",366
"EG0255_HCMC_2008",372
"EG0304_HCMC_2006",9
"EG0304_HCMC_2006",16
"EG0304_HCMC_2006",24
"EG0304_HCMC_2006",34
"EG0304_HCMC_2006",113
"EG0304_HCMC_2006",182
"EG0304_HCMC_2006",196
"EG0304_HCMC_2006",198
"EG0304_HCMC_2006",219
"EG0304_HCMC_2006",246
"EG0304_HCMC_2006",327
"EG0304_HCMC_2006",351
"EG0309_HCMC_2006",9
"EG0309_HCMC_2006",12
"EG0309_HCMC_2006",13
"EG0309_HCMC_2006",16
"EG0309_HCMC_2006",24
"EG0309_HCMC_2006",28
"EG0309_HCMC_2006",34
"EG0309_HCMC_2006",49
"EG0309_HCMC_2006",70
"EG0309_HCMC_2006",91
"EG0309_HCMC_2006",113
"EG0309_HCMC_2006",124
"EG0309_HCMC_2006",142
"EG0309_HCMC_2006",166
"EG0309_HCMC_2006",182
"EG0309_HCMC_2006",193
"EG0309_HCMC_2006",196
"EG0309_HCMC_2006",198
"EG0309_HCMC_2006",251
"EG0309_HCMC_2006",253
"EG0309_HCMC_2006",265
"EG0309_HCMC_2006",351
"EG0309_HCMC_2006",376
"EG0309_HCMC_2006",385
"EG0313_HCMC_2006",9
"EG0313_HCMC_2006",16
"EG0313_HCMC_2006",24
"EG0313_HCMC_2006",31
"EG0313_HCMC_2006",34
"EG0313_HCMC_2006",113
"EG0313_HCMC_2006",114
"EG0313_HCMC_2006",182
"EG0313_HCMC_2006",196
"EG0313_HCMC_2006",198
"EG0313_HCMC_2006",219
"EG0313_HCMC_2006",291
"EG0313_HCMC_2006",327
"EG0313_HCMC_2006",351
"EG0315_HCMC_2006",9
"EG0315_HCMC_2006",24
"EG0315_HCMC_2006",29
"EG0315_HCMC_2006",93
"EG0315_HCMC_2006",113
"EG0315_HCMC_2006",132
"EG0315_HCMC_2006",135
"EG0315_HCMC_2006",137
"EG0315_HCMC_2006",138
"EG0315_HCMC_2006",139
"EG0315_HCMC_2006",153
"EG0315_HCMC_2006",160
"EG0315_HCMC_2006",165
"EG0315_HCMC_2006",174
"EG0315_HCMC_2006",182
"EG0315_HCMC_2006",183
"EG0315_HCMC_2006",198
"EG0315_HCMC_2006",208
"EG0315_HCMC_2006",243
"EG0315_HCMC_2006",256
"EG0315_HCMC_2006",285
"EG0315_HCMC_2006",290
"EG0315_HCMC_2006",293
"EG0315_HCMC_2006",308
"EG0315_HCMC_2006",310
"EG0315_HCMC_2006",330
"EG0315_HCMC_2006",366
"EG0315_HCMC_2006",371
"EG0315_HCMC_2006",372
"EG0315_HCMC_2006",373
"EG0318_HCMC_2006",9
"EG0318_HCMC_2006",16
"EG0318_HCMC_2006",24
"EG0318_HCMC_2006",34
"EG0318_HCMC_2006",113
"EG0318_HCMC_2006",182
"EG0318_HCMC_2006",196
"EG0318_HCMC_2006",198
"EG0318_HCMC_2006",219
"EG0318_HCMC_2006",327
"EG0318_HCMC_2006",351
"EG0352_HCMC_2007",5
"EG0352_HCMC_2007",7
"EG0352_HCMC_2007",9
"EG0352_HCMC_2007",24
"EG0352_HCMC_2007",42
"EG0352_HCMC_2007",59
"EG0352_HCMC_2007",65
"EG0352_HCMC_2007",71
"EG0352_HCMC_2007",73
"EG0352_HCMC_2007",77
"EG0352_HCMC_2007",95
"EG0352_HCMC_2007",110
"EG0352_HCMC_2007",113
"EG0352_HCMC_2007",116
"EG0352_HCMC_2007",118
"EG0352_HCMC_2007",175
"EG0352_HCMC_2007",182
"EG0352_HCMC_2007",198
"EG0352_HCMC_2007",207
"EG0352_HCMC_2007",211
"EG0352_HCMC_2007",229
"EG0352_HCMC_2007",255
"EG0352_HCMC_2007",270
"EG0352_HCMC_2007",271
"EG0352_HCMC_2007",281
"EG0352_HCMC_2007",282
"EG0352_HCMC_2007",288
"EG0352_HCMC_2007",318
"EG0352_HCMC_2007",325
"EG0352_HCMC_2007",329
"EG0352_HCMC_2007",336
"EG0352_HCMC_2007",339
"EG0352_HCMC_2007",345
"EG0352_HCMC_2007",348
"EG0352_HCMC_2007",351
"EG0352_HCMC_2007",352
"EG0352_HCMC_2007",353
"EG0352_HCMC_2007",358
"EG0352_HCMC_2007",364
"EG0352_HCMC_2007",369
"EG0357_HCMC_2007",9
"EG0357_HCMC_2007",24
"EG0357_HCMC_2007",29
"EG0357_HCMC_2007",113
"EG0357_HCMC_2007",132
"EG0357_HCMC_2007",182
"EG0357_HCMC_2007",198
"EG0362_HCMC_2007",9
"EG0362_HCMC_2007",24
"EG0362_HCMC_2007",52
"EG0362_HCMC_2007",63
"EG0362_HCMC_2007",113
"EG0362_HCMC_2007",173
"EG0362_HCMC_2007",182
"EG0362_HCMC_2007",189
"EG0362_HCMC_2007",198
"EG0362_HCMC_2007",274
"EG0362_HCMC_2007",276
"EG0362_HCMC_2007",277
"EG0362_HCMC_2007",278
"EG0362_HCMC_2007",287
"EG0362_HCMC_2007",305
"EG0362_HCMC_2007",317
"EG0362_HCMC_2007",334
"EG0362_HCMC_2007",370
"EG0365_HCMC_2007",9
"EG0365_HCMC_2007",16
"EG0365_HCMC_2007",24
"EG0365_HCMC_2007",34
"EG0365_HCMC_2007",113
"EG0365_HCMC_2007",182
"EG0365_HCMC_2007",196
"EG0365_HCMC_2007",198
"EG0365_HCMC_2007",219
"EG0365_HCMC_2007",327
"EG0365_HCMC_2007",351
"EG0369_HCMC_2007",9
"EG0369_HCMC_2007",16
"EG0369_HCMC_2007",24
"EG0369_HCMC_2007",34
"EG0369_HCMC_2007",89
"EG0369_HCMC_2007",113
"EG0369_HCMC_2007",182
"EG0369_HCMC_2007",196
"EG0369_HCMC_2007",198
"EG0369_HCMC_2007",219
"EG0369_HCMC_2007",327
"EG0369_HCMC_2007",351
"EG0372_HCMC_2007",9
"EG0372_HCMC_2007",16
"EG0372_HCMC_2007",24
"EG0372_HCMC_2007",34
"EG0372_HCMC_2007",113
"EG0372_HCMC_2007",182
"EG0372_HCMC_2007",196
"EG0372_HCMC_2007",198
"EG0372_HCMC_2007",204
"EG0372_HCMC_2007",219
"EG0372_HCMC_2007",295
"EG0372_HCMC_2007",327
"EG0372_HCMC_2007",342
"EG0372_HCMC_2007",351
"EG0373_HCMC_2007",9
"EG0373_HCMC_2007",16
"EG0373_HCMC_2007",24
"EG0373_HCMC_2007",34
"EG0373_HCMC_2007",113
"EG0373_HCMC_2007",125
"EG0373_HCMC_2007",182
"EG0373_HCMC_2007",196
"EG0373_HCMC_2007",198
"EG0373_HCMC_2007",219
"EG0373_HCMC_2007",327
"EG0373_HCMC_2007",351
"EG0375_HCMC_2007",9
"EG0375_HCMC_2007",16
"EG0375_HCMC_2007",24
"EG0375_HCMC_2007",34
"EG0375_HCMC_2007",101
"EG0375_HCMC_2007",113
"EG0375_HCMC_2007",182
"EG0375_HCMC_2007",196
"EG0375_HCMC_2007",198
"EG0375_HCMC_2007",219
"EG0375_HCMC_2007",299
"EG0375_HCMC_2007",327
"EG0375_HCMC_2007",351
"EG0379_HCMC_2007",9
"EG0379_HCMC_2007",16
"EG0379_HCMC_2007",24
"EG0379_HCMC_2007",34
"EG0379_HCMC_2007",113
"EG0379_HCMC_2007",182
"EG0379_HCMC_2007",196
"EG0379_HCMC_2007",198
"EG0379_HCMC_2007",219
"EG0379_HCMC_2007",327
"EG0379_HCMC_2007",351
"EG0383_HCMC_2007",9
"EG0383_HCMC_2007",16
"EG0383_HCMC_2007",24
"EG0383_HCMC_2007",34
"EG0383_HCMC_2007",90
"EG0383_HCMC_2007",101
"EG0383_HCMC_2007",113
"EG0383_HCMC_2007",182
"EG0383_HCMC_2007",196
"EG0383_HCMC_2007",198
"EG0383_HCMC_2007",219
"EG0383_HCMC_2007",327
"EG0383_HCMC_2007",351
"EG0385_HCMC_2007",9
"EG0385_HCMC_2007",16
"EG0385_HCMC_2007",24
"EG0385_HCMC_2007",34
"EG0385_HCMC_2007",113
"EG0385_HCMC_2007",182
"EG0385_HCMC_2007",196
"EG0385_HCMC_2007",198
"EG0385_HCMC_2007",219
"EG0385_HCMC_2007",327
"EG0385_HCMC_2007",351
"EG0386_HCMC_2007",9
"EG0386_HCMC_2007",13
"EG0386_HCMC_2007",16
"EG0386_HCMC_2007",24
"EG0386_HCMC_2007",28
"EG0386_HCMC_2007",34
"EG0386_HCMC_2007",49
"EG0386_HCMC_2007",70
"EG0386_HCMC_2007",91
"EG0386_HCMC_2007",113
"EG0386_HCMC_2007",124
"EG0386_HCMC_2007",142
"EG0386_HCMC_2007",166
"EG0386_HCMC_2007",182
"EG0386_HCMC_2007",196
"EG0386_HCMC_2007",198
"EG0386_HCMC_2007",251
"EG0386_HCMC_2007",253
"EG0386_HCMC_2007",265
"EG0386_HCMC_2007",351
"EG0386_HCMC_2007",376
"EG0386_HCMC_2007",385
"EG0388_HCMC_2007",5
"EG0388_HCMC_2007",9
"EG0388_HCMC_2007",24
"EG0388_HCMC_2007",30
"EG0388_HCMC_2007",42
"EG0388_HCMC_2007",50
"EG0388_HCMC_2007",71
"EG0388_HCMC_2007",73
"EG0388_HCMC_2007",77
"EG0388_HCMC_2007",95
"EG0388_HCMC_2007",108
"EG0388_HCMC_2007",113
"EG0388_HCMC_2007",116
"EG0388_HCMC_2007",117
"EG0388_HCMC_2007",118
"EG0388_HCMC_2007",129
"EG0388_HCMC_2007",170
"EG0388_HCMC_2007",175
"EG0388_HCMC_2007",182
"EG0388_HCMC_2007",198
"EG0388_HCMC_2007",211
"EG0388_HCMC_2007",217
"EG0388_HCMC_2007",229
"EG0388_HCMC_2007",255
"EG0388_HCMC_2007",267
"EG0388_HCMC_2007",270
"EG0388_HCMC_2007",271
"EG0388_HCMC_2007",281
"EG0388_HCMC_2007",282
"EG0388_HCMC_2007",306
"EG0388_HCMC_2007",318
"EG0388_HCMC_2007",324
"EG0388_HCMC_2007",325
"EG0388_HCMC_2007",329
"EG0388_HCMC_2007",351
"EG0388_HCMC_2007",353
"EG0388_HCMC_2007",364
"EG0388_HCMC_2007",369
"EG0388_HCMC_2007",384
"EG0390_HCMC_2007",37
"EG0390_HCMC_2007",60
"EG0390_HCMC_2007",64
"EG0390_HCMC_2007",69
"EG0390_HCMC_2007",82
"EG0390_HCMC_2007",113
"EG0390_HCMC_2007",115
"EG0390_HCMC_2007",162
"EG0390_HCMC_2007",182
"EG0390_HCMC_2007",280
"EG0392_HCMC_2007",9
"EG0392_HCMC_2007",16
"EG0392_HCMC_2007",24
"EG0392_HCMC_2007",34
"EG0392_HCMC_2007",112
"EG0392_HCMC_2007",113
"EG0392_HCMC_2007",114
"EG0392_HCMC_2007",182
"EG0392_HCMC_2007",196
"EG0392_HCMC_2007",198
"EG0392_HCMC_2007",219
"EG0392_HCMC_2007",291
"EG0392_HCMC_2007",327
"EG0392_HCMC_2007",351
"EG0393_HCMC_2007",9
"EG0393_HCMC_2007",15
"EG0393_HCMC_2007",24
"EG0393_HCMC_2007",52
"EG0393_HCMC_2007",67
"EG0393_HCMC_2007",106
"EG0393_HCMC_2007",113
"EG0393_HCMC_2007",173
"EG0393_HCMC_2007",182
"EG0393_HCMC_2007",189
"EG0393_HCMC_2007",198
"EG0393_HCMC_2007",274
"EG0393_HCMC_2007",277
"EG0393_HCMC_2007",278
"EG0393_HCMC_2007",287
"EG0393_HCMC_2007",305
"EG0393_HCMC_2007",337
"EG0393_HCMC_2007",357
"EG0393_HCMC_2007",362
"EG0394_HCMC_2007",9
"EG0394_HCMC_2007",16
"EG0394_HCMC_2007",24
"EG0394_HCMC_2007",34
"EG0394_HCMC_2007",79
"EG0394_HCMC_2007",113
"EG0394_HCMC_2007",182
"EG0394_HCMC_2007",196
"EG0394_HCMC_2007",198
"EG0394_HCMC_2007",219
"EG0394_HCMC_2007",289
"EG0394_HCMC_2007",327
"EG0394_HCMC_2007",351
"EG0395_HCMC_2007",9
"EG0395_HCMC_2007",16
"EG0395_HCMC_2007",24
"EG0395_HCMC_2007",34
"EG0395_HCMC_2007",99
"EG0395_HCMC_2007",113
"EG0395_HCMC_2007",182
"EG0395_HCMC_2007",196
"EG0395_HCMC_2007",198
"EG0395_HCMC_2007",219
"EG0395_HCMC_2007",316
"EG0395_HCMC_2007",327
"EG0395_HCMC_2007",351
"EG0401_HCMC_2007",9
"EG0401_HCMC_2007",15
"EG0401_HCMC_2007",24
"EG0401_HCMC_2007",52
"EG0401_HCMC_2007",67
"EG0401_HCMC_2007",98
"EG0401_HCMC_2007",106
"EG0401_HCMC_2007",113
"EG0401_HCMC_2007",173
"EG0401_HCMC_2007",182
"EG0401_HCMC_2007",189
"EG0401_HCMC_2007",198
"EG0401_HCMC_2007",274
"EG0401_HCMC_2007",277
"EG0401_HCMC_2007",278
"EG0401_HCMC_2007",287
"EG0401_HCMC_2007",305
"EG0401_HCMC_2007",337
"EG0401_HCMC_2007",357
"EG0404_HCMC_2007",9
"EG0404_HCMC_2007",15
"EG0404_HCMC_2007",24
"EG0404_HCMC_2007",52
"EG0404_HCMC_2007",67
"EG0404_HCMC_2007",106
"EG0404_HCMC_2007",113
"EG0404_HCMC_2007",173
"EG0404_HCMC_2007",182
"EG0404_HCMC_2007",189
"EG0404_HCMC_2007",198
"EG0404_HCMC_2007",272
"EG0404_HCMC_2007",274
"EG0404_HCMC_2007",277
"EG0404_HCMC_2007",278
"EG0404_HCMC_2007",287
"EG0404_HCMC_2007",305
"EG0404_HCMC_2007",337
"EG0404_HCMC_2007",357
"EG0410_HCMC_2007",9
"EG0410_HCMC_2007",16
"EG0410_HCMC_2007",24
"EG0410_HCMC_2007",34
"EG0410_HCMC_2007",113
"EG0410_HCMC_2007",136
"EG0410_HCMC_2007",182
"EG0410_HCMC_2007",196
"EG0410_HCMC_2007",198
"EG0410_HCMC_2007",219
"EG0410_HCMC_2007",327
"EG0410_HCMC_2007",351
"EG0425_HCMC_2008",9
"EG0425_HCMC_2008",24
"EG0425_HCMC_2008",29
"EG0425_HCMC_2008",113
"EG0425_HCMC_2008",132
"EG0425_HCMC_2008",182
"EG0425_HCMC_2008",198
"EG0425_HCMC_2008",290
"EG0430_HCMC_2008",9
"EG0430_HCMC_2008",12
"EG0430_HCMC_2008",13
"EG0430_HCMC_2008",16
"EG0430_HCMC_2008",24
"EG0430_HCMC_2008",28
"EG0430_HCMC_2008",34
"EG0430_HCMC_2008",49
"EG0430_HCMC_2008",70
"EG0430_HCMC_2008",91
"EG0430_HCMC_2008",113
"EG0430_HCMC_2008",124
"EG0430_HCMC_2008",142
"EG0430_HCMC_2008",166
"EG0430_HCMC_2008",182
"EG0430_HCMC_2008",196
"EG0430_HCMC_2008",198
"EG0430_HCMC_2008",251
"EG0430_HCMC_2008",253
"EG0430_HCMC_2008",265
"EG0430_HCMC_2008",351
"EG0430_HCMC_2008",376
"EG0430_HCMC_2008",385
"EG0451_HCMC_2008",9
"EG0451_HCMC_2008",24
"EG0451_HCMC_2008",29
"EG0451_HCMC_2008",113
"EG0451_HCMC_2008",132
"EG0451_HCMC_2008",182
"EG0451_HCMC_2008",198
"EG0451_HCMC_2008",244
"EG0451_HCMC_2008",290
"EG0467_HCMC_2008",9
"EG0467_HCMC_2008",16
"EG0467_HCMC_2008",24
"EG0467_HCMC_2008",34
"EG0467_HCMC_2008",113
"EG0467_HCMC_2008",127
"EG0467_HCMC_2008",182
"EG0467_HCMC_2008",196
"EG0467_HCMC_2008",198
"EG0467_HCMC_2008",219
"EG0467_HCMC_2008",327
"EG0467_HCMC_2008",351
"EG0467_HCMC_2008",380
"EG0472_HCMC_2008",9
"EG0472_HCMC_2008",16
"EG0472_HCMC_2008",24
"EG0472_HCMC_2008",34
"EG0472_HCMC_2008",113
"EG0472_HCMC_2008",182
"EG0472_HCMC_2008",196
"EG0472_HCMC_2008",198
"EG0472_HCMC_2008",219
"EG0472_HCMC_2008",327
"EG0472_HCMC_2008",351
"EG1001_HCMC_2008",9
"EG1001_HCMC_2008",16
"EG1001_HCMC_2008",24
"EG1001_HCMC_2008",34
"EG1001_HCMC_2008",113
"EG1001_HCMC_2008",178
"EG1001_HCMC_2008",182
"EG1001_HCMC_2008",196
"EG1001_HCMC_2008",198
"EG1001_HCMC_2008",219
"EG1001_HCMC_2008",268
"EG1001_HCMC_2008",291
"EG1001_HCMC_2008",327
"EG1001_HCMC_2008",347
"EG1001_HCMC_2008",351
"EG1004_HCMC_2008",9
"EG1004_HCMC_2008",13
"EG1004_HCMC_2008",16
"EG1004_HCMC_2008",24
"EG1004_HCMC_2008",34
"EG1004_HCMC_2008",35
"EG1004_HCMC_2008",49
"EG1004_HCMC_2008",56
"EG1004_HCMC_2008",57
"EG1004_HCMC_2008",80
"EG1004_HCMC_2008",84
"EG1004_HCMC_2008",91
"EG1004_HCMC_2008",96
"EG1004_HCMC_2008",113
"EG1004_HCMC_2008",141
"EG1004_HCMC_2008",142
"EG1004_HCMC_2008",155
"EG1004_HCMC_2008",166
"EG1004_HCMC_2008",182
"EG1004_HCMC_2008",196
"EG1004_HCMC_2008",197
"EG1004_HCMC_2008",198
"EG1004_HCMC_2008",216
"EG1004_HCMC_2008",221
"EG1004_HCMC_2008",251
"EG1004_HCMC_2008",300
"EG1004_HCMC_2008",340
"EG1004_HCMC_2008",351
"EG1004_HCMC_2008",383
"EG1008_HCMC_2008",9
"EG1008_HCMC_2008",16
"EG1008_HCMC_2008",24
"EG1008_HCMC_2008",27
"EG1008_HCMC_2008",34
"EG1008_HCMC_2008",83
"EG1008_HCMC_2008",113
"EG1008_HCMC_2008",182
"EG1008_HCMC_2008",196
"EG1008_HCMC_2008",198
"EG1008_HCMC_2008",219
"EG1008_HCMC_2008",327
"EG1008_HCMC_2008",351
"EG1014_HCMC_2009",9
"EG1014_HCMC_2009",15
"EG1014_HCMC_2009",24
"EG1014_HCMC_2009",52
"EG1014_HCMC_2009",106
"EG1014_HCMC_2009",113
"EG1014_HCMC_2009",145
"EG1014_HCMC_2009",151
"EG1014_HCMC_2009",173
"EG1014_HCMC_2009",182
"EG1014_HCMC_2009",189
"EG1014_HCMC_2009",198
"EG1014_HCMC_2009",272
"EG1014_HCMC_2009",274
"EG1014_HCMC_2009",277
"EG1014_HCMC_2009",278
"EG1014_HCMC_2009",287
"EG1014_HCMC_2009",305
"EG1014_HCMC_2009",337
"EG1015_HCMC_2009",18
"EG1015_HCMC_2009",113
"EG1015_HCMC_2009",150
"EG1015_HCMC_2009",157
"EG1015_HCMC_2009",182
"EG1015_HCMC_2009",283
"EG1015_HCMC_2009",326
"EG1015_HCMC_2009",374
"EG1016_HCMC_2009",9
"EG1016_HCMC_2009",24
"EG1016_HCMC_2009",81
"EG1016_HCMC_2009",113
"EG1016_HCMC_2009",118
"EG1016_HCMC_2009",182
"EG1016_HCMC_2009",198
"EG1016_HCMC_2009",211
"EG1016_HCMC_2009",229
"EG1016_HCMC_2009",240
"EG1016_HCMC_2009",249
"EG1016_HCMC_2009",271
"EG1016_HCMC_2009",281
"EG1016_HCMC_2009",323
"EG1016_HCMC_2009",325
"EG1016_HCMC_2009",351
"EG1016_HCMC_2009",360
"EG1017_HCMC_2009",2
"EG1017_HCMC_2009",3
"EG1017_HCMC_2009",9
"EG1017_HCMC_2009",10
"EG1017_HCMC_2009",19
"EG1017_HCMC_2009",22
"EG1017_HCMC_2009",24
"EG1017_HCMC_2009",26
"EG1017_HCMC_2009",43
"EG1017_HCMC_2009",47
"EG1017_HCMC_2009",76
"EG1017_HCMC_2009",86
"EG1017_HCMC_2009",88
"EG1017_HCMC_2009",113
"EG1017_HCMC_2009",119
"EG1017_HCMC_2009",121
"EG1017_HCMC_2009",130
"EG1017_HCMC_2009",158
"EG1017_HCMC_2009",159
"EG1017_HCMC_2009",182
"EG1017_HCMC_2009",185
"EG1017_HCMC_2009",187
"EG1017_HCMC_2009",198
"EG1017_HCMC_2009",209
"EG1017_HCMC_2009",213
"EG1017_HCMC_2009",220
"EG1017_HCMC_2009",224
"EG1017_HCMC_2009",225
"EG1017_HCMC_2009",228
"EG1017_HCMC_2009",234
"EG1017_HCMC_2009",248
"EG1017_HCMC_2009",279
"EG1017_HCMC_2009",322
"EG1017_HCMC_2009",333
"EG1017_HCMC_2009",335
"EG1017_HCMC_2009",344
"EG1017_HCMC_2009",349
"EG1017_HCMC_2009",351
"EG1018_HCMC_2009",2
"EG1018_HCMC_2009",3
"EG1018_HCMC_2009",9
"EG1018_HCMC_2009",10
"EG1018_HCMC_2009",19
"EG1018_HCMC_2009",22
"EG1018_HCMC_2009",24
"EG1018_HCMC_2009",26
"EG1018_HCMC_2009",43
"EG1018_HCMC_2009",47
"EG1018_HCMC_2009",76
"EG1018_HCMC_2009",86
"EG1018_HCMC_2009",88
"EG1018_HCMC_2009",113
"EG1018_HCMC_2009",119
"EG1018_HCMC_2009",121
"EG1018_HCMC_2009",130
"EG1018_HCMC_2009",158
"EG1018_HCMC_2009",159
"EG1018_HCMC_2009",182
"EG1018_HCMC_2009",185
"EG1018_HCMC_2009",187
"EG1018_HCMC_2009",198
"EG1018_HCMC_2009",209
"EG1018_HCMC_2009",213
"EG1018_HCMC_2009",220
"EG1018_HCMC_2009",224
"EG1018_HCMC_2009",225
"EG1018_HCMC_2009",228
"EG1018_HCMC_2009",234
"EG1018_HCMC_2009",248
"EG1018_HCMC_2009",279
"EG1018_HCMC_2009",322
"EG1018_HCMC_2009",333
"EG1018_HCMC_2009",335
"EG1018_HCMC_2009",344
"EG1018_HCMC_2009",349
"EG1018_HCMC_2009",351
"EG1019_HCMC_2009",9
"EG1019_HCMC_2009",16
"EG1019_HCMC_2009",24
"EG1019_HCMC_2009",34
"EG1019_HCMC_2009",113
"EG1019_HCMC_2009",182
"EG1019_HCMC_2009",196
"EG1019_HCMC_2009",198
"EG1019_HCMC_2009",219
"EG1019_HCMC_2009",327
"EG1019_HCMC_2009",351
"EG1020_HCMC_2009",9
"EG1020_HCMC_2009",16
"EG1020_HCMC_2009",24
"EG1020_HCMC_2009",34
"EG1020_HCMC_2009",75
"EG1020_HCMC_2009",113
"EG1020_HCMC_2009",182
"EG1020_HCMC_2009",196
"EG1020_HCMC_2009",198
"EG1020_HCMC_2009",219
"EG1020_HCMC_2009",327
"EG1020_HCMC_2009",351
"EG1021_HCMC_2009",9
"EG1021_HCMC_2009",16
"EG1021_HCMC_2009",24
"EG1021_HCMC_2009",34
"EG1021_HCMC_2009",113
"EG1021_HCMC_2009",182
"EG1021_HCMC_2009",196
"EG1021_HCMC_2009",198
"EG1021_HCMC_2009",219
"EG1021_HCMC_2009",327
"EG1021_HCMC_2009",351
"EG1022_HCMC_2009",9
"EG1022_HCMC_2009",16
"EG1022_HCMC_2009",24
"EG1022_HCMC_2009",34
"EG1022_HCMC_2009",113
"EG1022_HCMC_2009",182
"EG1022_HCMC_2009",196
"EG1022_HCMC_2009",198
"EG1022_HCMC_2009",219
"EG1022_HCMC_2009",327
"EG1022_HCMC_2009",351
"EG1023_HCMC_2009",9
"EG1023_HCMC_2009",16
"EG1023_HCMC_2009",24
"EG1023_HCMC_2009",34
"EG1023_HCMC_2009",113
"EG1023_HCMC_2009",182
"EG1023_HCMC_2009",196
"EG1023_HCMC_2009",198
"EG1023_HCMC_2009",219
"EG1023_HCMC_2009",327
"EG1023_HCMC_2009",351
"EG1024_HCMC_2009",9
"EG1024_HCMC_2009",16
"EG1024_HCMC_2009",23
"EG1024_HCMC_2009",24
"EG1024_HCMC_2009",34
"EG1024_HCMC_2009",46
"EG1024_HCMC_2009",113
"EG1024_HCMC_2009",182
"EG1024_HCMC_2009",196
"EG1024_HCMC_2009",198
"EG1024_HCMC_2009",219
"EG1024_HCMC_2009",263
"EG1024_HCMC_2009",296
"EG1024_HCMC_2009",327
"EG1024_HCMC_2009",343
"EG1024_HCMC_2009",351
"EG1025_HCMC_2009",4
"EG1025_HCMC_2009",9
"EG1025_HCMC_2009",24
"EG1025_HCMC_2009",33
"EG1025_HCMC_2009",36
"EG1025_HCMC_2009",52
"EG1025_HCMC_2009",103
"EG1025_HCMC_2009",105
"EG1025_HCMC_2009",107
"EG1025_HCMC_2009",113
"EG1025_HCMC_2009",169
"EG1025_HCMC_2009",172
"EG1025_HCMC_2009",182
"EG1025_HCMC_2009",189
"EG1025_HCMC_2009",198
"EG1025_HCMC_2009",200
"EG1025_HCMC_2009",232
"EG1025_HCMC_2009",233
"EG1025_HCMC_2009",274
"EG1025_HCMC_2009",277
"EG1025_HCMC_2009",278
"EG1025_HCMC_2009",287
"EG1025_HCMC_2009",294
"EG1025_HCMC_2009",307
"EG1027_HCMC_0",9
"EG1027_HCMC_0",16
"EG1027_HCMC_0",24
"EG1027_HCMC_0",34
"EG1027_HCMC_0",99
"EG1027_HCMC_0",113
"EG1027_HCMC_0",182
"EG1027_HCMC_0",196
"EG1027_HCMC_0",198
"EG1027_HCMC_0",219
"EG1027_HCMC_0",327
"EG1027_HCMC_0",351
"EG1028_HCMC_0",9
"EG1028_HCMC_0",24
"EG1028_HCMC_0",52
"EG1028_HCMC_0",63
"EG1028_HCMC_0",113
"EG1028_HCMC_0",164
"EG1028_HCMC_0",173
"EG1028_HCMC_0",182
"EG1028_HCMC_0",189
"EG1028_HCMC_0",198
"EG1028_HCMC_0",205
"EG1028_HCMC_0",274
"EG1028_HCMC_0",276
"EG1028_HCMC_0",277
"EG1028_HCMC_0",278
"EG1028_HCMC_0",287
"EG1028_HCMC_0",305
"EG1028_HCMC_0",317
"EG1029_HCMC_0",1
"EG1029_HCMC_0",9
"EG1029_HCMC_0",24
"EG1029_HCMC_0",29
"EG1029_HCMC_0",38
"EG1029_HCMC_0",113
"EG1029_HCMC_0",132
"EG1029_HCMC_0",137
"EG1029_HCMC_0",153
"EG1029_HCMC_0",160
"EG1029_HCMC_0",174
"EG1029_HCMC_0",182
"EG1029_HCMC_0",183
"EG1029_HCMC_0",184
"EG1029_HCMC_0",198
"EG1029_HCMC_0",208
"EG1029_HCMC_0",247
"EG1029_HCMC_0",290
"EG1029_HCMC_0",304
"EG1029_HCMC_0",328
"EG1029_HCMC_0",372
"EG1029_HCMC_0",375
"HUE01_HCMC_2008",2
"HUE01_HCMC_2008",3
"HUE01_HCMC_2008",9
"HUE01_HCMC_2008",10
"HUE01_HCMC_2008",19
"HUE01_HCMC_2008",22
"HUE01_HCMC_2008",24
"HUE01_HCMC_2008",26
"HUE01_HCMC_2008",43
"HUE01_HCMC_2008",47
"HUE01_HCMC_2008",76
"HUE01_HCMC_2008",86
"HUE01_HCMC_2008",88
"HUE01_HCMC_2008",113
"HUE01_HCMC_2008",119
"HUE01_HCMC_2008",121
"HUE01_HCMC_2008",130
"HUE01_HCMC_2008",158
"HUE01_HCMC_2008",159
"HUE01_HCMC_2008",182
"HUE01_HCMC_2008",185
"HUE01_HCMC_2008",187
"HUE01_HCMC_2008",198
"HUE01_HCMC_2008",209
"HUE01_HCMC_2008",213
"HUE01_HCMC_2008",220
"HUE01_HCMC_2008",224
"HUE01_HCMC_2008",225
"HUE01_HCMC_2008",228
"HUE01_HCMC_2008",234
"HUE01_HCMC_2008",248
"HUE01_HCMC_2008",279
"HUE01_HCMC_2008",322
"HUE01_HCMC_2008",333
"HUE01_HCMC_2008",335
"HUE01_HCMC_2008",344
"HUE01_HCMC_2008",349
"HUE01_HCMC_2008",351
"HUE02_HCMC_2008",9
"HUE02_HCMC_2008",24
"HUE02_HCMC_2008",26
"HUE02_HCMC_2008",85
"HUE02_HCMC_2008",86
"HUE02_HCMC_2008",88
"HUE02_HCMC_2008",113
"HUE02_HCMC_2008",182
"HUE02_HCMC_2008",185
"HUE02_HCMC_2008",191
"HUE02_HCMC_2008",198
"HUE02_HCMC_2008",203
"HUE02_HCMC_2008",234
"HUE02_HCMC_2008",236
"HUE02_HCMC_2008",349
"HUE02_HCMC_2008",351
"HUE02_HCMC_2008",377
"HUE05_HCMC_2008",9
"HUE05_HCMC_2008",17
"HUE05_HCMC_2008",24
"HUE05_HCMC_2008",41
"HUE05_HCMC_2008",62
"HUE05_HCMC_2008",113
"HUE05_HCMC_2008",144
"HUE05_HCMC_2008",147
"HUE05_HCMC_2008",168
"HUE05_HCMC_2008",182
"HUE05_HCMC_2008",185
"HUE05_HCMC_2008",194
"HUE05_HCMC_2008",198
"HUE05_HCMC_2008",227
"HUE05_HCMC_2008",234
"HUE05_HCMC_2008",238
"HUE05_HCMC_2008",252
"HUE05_HCMC_2008",254
"HUE05_HCMC_2008",257
"HUE05_HCMC_2008",286
"HUE05_HCMC_2008",338
"HUE05_HCMC_2008",351
"HUE05_HCMC_2008",367
"HUE05_HCMC_2008",382
"HUE16_HCMC_2009",9
"HUE16_HCMC_2009",24
"HUE16_HCMC_2009",29
"HUE16_HCMC_2009",58
"HUE16_HCMC_2009",113
"HUE16_HCMC_2009",132
"HUE16_HCMC_2009",137
"HUE16_HCMC_2009",143
"HUE16_HCMC_2009",153
"HUE16_HCMC_2009",160
"HUE16_HCMC_2009",174
"HUE16_HCMC_2009",182
"HUE16_HCMC_2009",183
"HUE16_HCMC_2009",198
"HUE16_HCMC_2009",208
"HUE16_HCMC_2009",231
"HUE16_HCMC_2009",290
"HUE16_HCMC_2009",372
"HUE17_HCMC_2009",9
"HUE17_HCMC_2009",16
"HUE17_HCMC_2009",24
"HUE17_HCMC_2009",34
"HUE17_HCMC_2009",113
"HUE17_HCMC_2009",182
"HUE17_HCMC_2009",196
"HUE17_HCMC_2009",198
"HUE17_HCMC_2009",219
"HUE17_HCMC_2009",246
"HUE17_HCMC_2009",264
"HUE17_HCMC_2009",327
"HUE17_HCMC_2009",346
"HUE17_HCMC_2009",351
"HUE19_HCMC_2009",9
"HUE19_HCMC_2009",16
"HUE19_HCMC_2009",24
"HUE19_HCMC_2009",34
"HUE19_HCMC_2009",75
"HUE19_HCMC_2009",113
"HUE19_HCMC_2009",182
"HUE19_HCMC_2009",196
"HUE19_HCMC_2009",198
"HUE19_HCMC_2009",219
"HUE19_HCMC_2009",327
"HUE19_HCMC_2009",351
"HUE20_HCMC_2009",9
"HUE20_HCMC_2009",16
"HUE20_HCMC_2009",24
"HUE20_HCMC_2009",34
"HUE20_HCMC_2009",101
"HUE20_HCMC_2009",113
"HUE20_HCMC_2009",182
"HUE20_HCMC_2009",196
"HUE20_HCMC_2009",198
"HUE20_HCMC_2009",219
"HUE20_HCMC_2009",327
"HUE20_HCMC_2009",351
"HUE21_HCMC_2009",9
"HUE21_HCMC_2009",16
"HUE21_HCMC_2009",24
"HUE21_HCMC_2009",34
"HUE21_HCMC_2009",113
"HUE21_HCMC_2009",182
"HUE21_HCMC_2009",196
"HUE21_HCMC_2009",198
"HUE21_HCMC_2009",219
"HUE21_HCMC_2009",327
"HUE21_HCMC_2009",351
"HUE22_HCMC_2009",9
"HUE22_HCMC_2009",16
"HUE22_HCMC_2009",24
"HUE22_HCMC_2009",34
"HUE22_HCMC_2009",113
"HUE22_HCMC_2009",182
"HUE22_HCMC_2009",196
"HUE22_HCMC_2009",198
"HUE22_HCMC_2009",219
"HUE22_HCMC_2009",327
"HUE22_HCMC_2009",351
"HUE23_HCMC_2009",9
"HUE23_HCMC_2009",16
"HUE23_HCMC_2009",24
"HUE23_HCMC_2009",34
"HUE23_HCMC_2009",83
"HUE23_HCMC_2009",113
"HUE23_HCMC_2009",182
"HUE23_HCMC_2009",196
"HUE23_HCMC_2009",198
"HUE23_HCMC_2009",219
"HUE23_HCMC_2009",327
"HUE23_HCMC_2009",351
"HUE24_HCMC_2009",9
"HUE24_HCMC_2009",16
"HUE24_HCMC_2009",24
"HUE24_HCMC_2009",34
"HUE24_HCMC_2009",113
"HUE24_HCMC_2009",182
"HUE24_HCMC_2009",196
"HUE24_HCMC_2009",198
"HUE24_HCMC_2009",219
"HUE24_HCMC_2009",327
"HUE24_HCMC_2009",351
"HUE25_HCMC_2009",8
"HUE25_HCMC_2009",9
"HUE25_HCMC_2009",16
"HUE25_HCMC_2009",24
"HUE25_HCMC_2009",34
"HUE25_HCMC_2009",72
"HUE25_HCMC_2009",102
"HUE25_HCMC_2009",113
"HUE25_HCMC_2009",128
"HUE25_HCMC_2009",161
"HUE25_HCMC_2009",182
"HUE25_HCMC_2009",196
"HUE25_HCMC_2009",198
"HUE25_HCMC_2009",219
"HUE25_HCMC_2009",242
"HUE25_HCMC_2009",250
"HUE25_HCMC_2009",266
"HUE25_HCMC_2009",284
"HUE25_HCMC_2009",301
"HUE25_HCMC_2009",311
"HUE25_HCMC_2009",327
"HUE25_HCMC_2009",351
"HUE26_HCMC_2009",9
"HUE26_HCMC_2009",16
"HUE26_HCMC_2009",24
"HUE26_HCMC_2009",34
"HUE26_HCMC_2009",101
"HUE26_HCMC_2009",113
"HUE26_HCMC_2009",182
"HUE26_HCMC_2009",196
"HUE26_HCMC_2009",198
"HUE26_HCMC_2009",219
"HUE26_HCMC_2009",241
"HUE26_HCMC_2009",298
"HUE26_HCMC_2009",319
"HUE26_HCMC_2009",327
"HUE26_HCMC_2009",351
"HUE26_HCMC_2009",359
"HUE26_HCMC_2009",361
"HUE27_HCMC_2009",9
"HUE27_HCMC_2009",16
"HUE27_HCMC_2009",24
"HUE27_HCMC_2009",34
"HUE27_HCMC_2009",113
"HUE27_HCMC_2009",182
"HUE27_HCMC_2009",196
"HUE27_HCMC_2009",198
"HUE27_HCMC_2009",219
"HUE27_HCMC_2009",327
"HUE27_HCMC_2009",347
"HUE27_HCMC_2009",351
"HUE29_HCMC_2009",9
"HUE29_HCMC_2009",16
"HUE29_HCMC_2009",24
"HUE29_HCMC_2009",34
"HUE29_HCMC_2009",113
"HUE29_HCMC_2009",182
"HUE29_HCMC_2009",196
"HUE29_HCMC_2009",198
"HUE29_HCMC_2009",219
"HUE29_HCMC_2009",327
"HUE29_HCMC_2009",351
"HUE30_HCMC_2009",9
"HUE30_HCMC_2009",16
"HUE30_HCMC_2009",24
"HUE30_HCMC_2009",34
"HUE30_HCMC_2009",100
"HUE30_HCMC_2009",113
"HUE30_HCMC_2009",182
"HUE30_HCMC_2009",196
"HUE30_HCMC_2009",198
"HUE30_HCMC_2009",219
"HUE30_HCMC_2009",327
"HUE30_HCMC_2009",351
"HUE31_HCMC_2009",9
"HUE31_HCMC_2009",16
"HUE31_HCMC_2009",24
"HUE31_HCMC_2009",34
"HUE31_HCMC_2009",101
"HUE31_HCMC_2009",113
"HUE31_HCMC_2009",182
"HUE31_HCMC_2009",196
"HUE31_HCMC_2009",198
"HUE31_HCMC_2009",219
"HUE31_HCMC_2009",230
"HUE31_HCMC_2009",327
"HUE31_HCMC_2009",351
"HUE32_HCMC_2009",9
"HUE32_HCMC_2009",12
"HUE32_HCMC_2009",13
"HUE32_HCMC_2009",16
"HUE32_HCMC_2009",24
"HUE32_HCMC_2009",28
"HUE32_HCMC_2009",34
"HUE32_HCMC_2009",49
"HUE32_HCMC_2009",70
"HUE32_HCMC_2009",91
"HUE32_HCMC_2009",113
"HUE32_HCMC_2009",124
"HUE32_HCMC_2009",142
"HUE32_HCMC_2009",166
"HUE32_HCMC_2009",182
"HUE32_HCMC_2009",196
"HUE32_HCMC_2009",198
"HUE32_HCMC_2009",251
"HUE32_HCMC_2009",253
"HUE32_HCMC_2009",351
"HUE32_HCMC_2009",376
"HUE32_HCMC_2009",385
"HUE33_HCMC_2009",9
"HUE33_HCMC_2009",16
"HUE33_HCMC_2009",24
"HUE33_HCMC_2009",34
"HUE33_HCMC_2009",113
"HUE33_HCMC_2009",182
"HUE33_HCMC_2009",196
"HUE33_HCMC_2009",198
"HUE33_HCMC_2009",219
"HUE33_HCMC_2009",273
"HUE33_HCMC_2009",327
"HUE33_HCMC_2009",351
"HUE34_HCMC_2009",9
"HUE34_HCMC_2009",16
"HUE34_HCMC_2009",24
"HUE34_HCMC_2009",34
"HUE34_HCMC_2009",113
"HUE34_HCMC_2009",146
"HUE34_HCMC_2009",182
"HUE34_HCMC_2009",196
"HUE34_HCMC_2009",198
"HUE34_HCMC_2009",219
"HUE34_HCMC_2009",246
"HUE34_HCMC_2009",302
"HUE34_HCMC_2009",320
"HUE34_HCMC_2009",327
"HUE34_HCMC_2009",351
"HUE34_HCMC_2009",381
"HUE40_HCMC_2009",9
"HUE40_HCMC_2009",16
"HUE40_HCMC_2009",24
"HUE40_HCMC_2009",34
"HUE40_HCMC_2009",113
"HUE40_HCMC_2009",182
"HUE40_HCMC_2009",196
"HUE40_HCMC_2009",198
"HUE40_HCMC_2009",218
"HUE40_HCMC_2009",219
"HUE40_HCMC_2009",327
"HUE40_HCMC_2009",351
"HUE42_HCMC_2009",9
"HUE42_HCMC_2009",16
"HUE42_HCMC_2009",24
"HUE42_HCMC_2009",34
"HUE42_HCMC_2009",113
"HUE42_HCMC_2009",182
"HUE42_HCMC_2009",196
"HUE42_HCMC_2009",198
"HUE42_HCMC_2009",219
"HUE42_HCMC_2009",327
"HUE42_HCMC_2009",351
"HUE43_HCMC_2009",182
"HUE46_HCMC_2009",9
"HUE46_HCMC_2009",12
"HUE46_HCMC_2009",13
"HUE46_HCMC_2009",16
"HUE46_HCMC_2009",24
"HUE46_HCMC_2009",28
"HUE46_HCMC_2009",34
"HUE46_HCMC_2009",49
"HUE46_HCMC_2009",70
"HUE46_HCMC_2009",91
"HUE46_HCMC_2009",113
"HUE46_HCMC_2009",124
"HUE46_HCMC_2009",142
"HUE46_HCMC_2009",182
"HUE46_HCMC_2009",196
"HUE46_HCMC_2009",198
"HUE46_HCMC_2009",251
"HUE46_HCMC_2009",253
"HUE46_HCMC_2009",351
"HUE46_HCMC_2009",376
"HUE46_HCMC_2009",385
"HUE47_HCMC_2009",9
"HUE47_HCMC_2009",24
"HUE47_HCMC_2009",52
"HUE47_HCMC_2009",104
"HUE47_HCMC_2009",111
"HUE47_HCMC_2009",113
"HUE47_HCMC_2009",123
"HUE47_HCMC_2009",133
"HUE47_HCMC_2009",152
"HUE47_HCMC_2009",163
"HUE47_HCMC_2009",173
"HUE47_HCMC_2009",182
"HUE47_HCMC_2009",186
"HUE47_HCMC_2009",189
"HUE47_HCMC_2009",192
"HUE47_HCMC_2009",198
"HUE47_HCMC_2009",262
"HUE47_HCMC_2009",274
"HUE47_HCMC_2009",277
"HUE47_HCMC_2009",278
"HUE47_HCMC_2009",287
"HUE47_HCMC_2009",313
"HUE47_HCMC_2009",314
"HUE47_HCMC_2009",331
"HUE47_HCMC_2009",363
"HUE48_HCMC_2009",9
"HUE48_HCMC_2009",16
"HUE48_HCMC_2009",24
"HUE48_HCMC_2009",34
"HUE48_HCMC_2009",113
"HUE48_HCMC_2009",182
"HUE48_HCMC_2009",196
"HUE48_HCMC_2009",198
"HUE48_HCMC_2009",219
"HUE48_HCMC_2009",327
"HUE48_HCMC_2009",351
"HUE50_HCMC_2009",9
"HUE50_HCMC_2009",16
"HUE50_HCMC_2009",24
"HUE50_HCMC_2009",34
"HUE50_HCMC_2009",113
"HUE50_HCMC_2009",182
"HUE50_HCMC_2009",196
"HUE50_HCMC_2009",198
"HUE50_HCMC_2009",219
"HUE50_HCMC_2009",327
"HUE50_HCMC_2009",351
"HUE53_HCMC_2010",9
"HUE53_HCMC_2010",16
"HUE53_HCMC_2010",24
"HUE53_HCMC_2010",34
"HUE53_HCMC_2010",113
"HUE53_HCMC_2010",182
"HUE53_HCMC_2010",196
"HUE53_HCMC_2010",198
"HUE53_HCMC_2010",219
"HUE53_HCMC_2010",327
"HUE53_HCMC_2010",351
"HUE53_HCMC_2010",356
"HUE55_HCMC_2010",9
"HUE55_HCMC_2010",12
"HUE55_HCMC_2010",13
"HUE55_HCMC_2010",16
"HUE55_HCMC_2010",24
"HUE55_HCMC_2010",28
"HUE55_HCMC_2010",32
"HUE55_HCMC_2010",34
"HUE55_HCMC_2010",49
"HUE55_HCMC_2010",70
"HUE55_HCMC_2010",91
"HUE55_HCMC_2010",113
"HUE55_HCMC_2010",124
"HUE55_HCMC_2010",142
"HUE55_HCMC_2010",166
"HUE55_HCMC_2010",182
"HUE55_HCMC_2010",196
"HUE55_HCMC_2010",198
"HUE55_HCMC_2010",251
"HUE55_HCMC_2010",253
"HUE55_HCMC_2010",265
"HUE55_HCMC_2010",351
"HUE55_HCMC_2010",376
"HUE55_HCMC_2010",385
"HUE57_HCMC_2010",9
"HUE57_HCMC_2010",16
"HUE57_HCMC_2010",24
"HUE57_HCMC_2010",34
"HUE57_HCMC_2010",99
"HUE57_HCMC_2010",113
"HUE57_HCMC_2010",182
"HUE57_HCMC_2010",196
"HUE57_HCMC_2010",198
"HUE57_HCMC_2010",219
"HUE57_HCMC_2010",269
"HUE57_HCMC_2010",327
"HUE57_HCMC_2010",351
"HUE58_HCMC_2010",9
"HUE58_HCMC_2010",16
"HUE58_HCMC_2010",24
"HUE58_HCMC_2010",34
"HUE58_HCMC_2010",113
"HUE58_HCMC_2010",182
"HUE58_HCMC_2010",196
"HUE58_HCMC_2010",198
"HUE58_HCMC_2010",219
"HUE58_HCMC_2010",327
"HUE58_HCMC_2010",351
"HUE60_HCMC_2010",9
"HUE60_HCMC_2010",16
"HUE60_HCMC_2010",24
"HUE60_HCMC_2010",34
"HUE60_HCMC_2010",113
"HUE60_HCMC_2010",182
"HUE60_HCMC_2010",196
"HUE60_HCMC_2010",198
"HUE60_HCMC_2010",219
"HUE60_HCMC_2010",327
"HUE60_HCMC_2010",351
"HUE62_HCMC_2010",9
"HUE62_HCMC_2010",24
"HUE62_HCMC_2010",29
"HUE62_HCMC_2010",44
"HUE62_HCMC_2010",93
"HUE62_HCMC_2010",113
"HUE62_HCMC_2010",132
"HUE62_HCMC_2010",135
"HUE62_HCMC_2010",137
"HUE62_HCMC_2010",138
"HUE62_HCMC_2010",139
"HUE62_HCMC_2010",153
"HUE62_HCMC_2010",160
"HUE62_HCMC_2010",165
"HUE62_HCMC_2010",174
"HUE62_HCMC_2010",182
"HUE62_HCMC_2010",183
"HUE62_HCMC_2010",198
"HUE62_HCMC_2010",208
"HUE62_HCMC_2010",243
"HUE62_HCMC_2010",256
"HUE62_HCMC_2010",285
"HUE62_HCMC_2010",290
"HUE62_HCMC_2010",293
"HUE62_HCMC_2010",308
"HUE62_HCMC_2010",310
"HUE62_HCMC_2010",330
"HUE62_HCMC_2010",366
"HUE62_HCMC_2010",371
"HUE62_HCMC_2010",372
"HUE62_HCMC_2010",373
"HUE64_HCMC_2010",9
"HUE64_HCMC_2010",16
"HUE64_HCMC_2010",24
"HUE64_HCMC_2010",34
"HUE64_HCMC_2010",99
"HUE64_HCMC_2010",113
"HUE64_HCMC_2010",182
"HUE64_HCMC_2010",196
"HUE64_HCMC_2010",198
"HUE64_HCMC_2010",219
"HUE64_HCMC_2010",327
"HUE64_HCMC_2010",351
"HUE67_HCMC_2010",9
"HUE67_HCMC_2010",16
"HUE67_HCMC_2010",24
"HUE67_HCMC_2010",34
"HUE67_HCMC_2010",113
"HUE67_HCMC_2010",182
"HUE67_HCMC_2010",196
"HUE67_HCMC_2010",198
"HUE67_HCMC_2010",219
"HUE67_HCMC_2010",327
"HUE67_HCMC_2010",351
"HUE68_HCMC_2010",5
"HUE68_HCMC_2010",9
"HUE68_HCMC_2010",24
"HUE68_HCMC_2010",42
"HUE68_HCMC_2010",71
"HUE68_HCMC_2010",73
"HUE68_HCMC_2010",77
"HUE68_HCMC_2010",95
"HUE68_HCMC_2010",109
"HUE68_HCMC_2010",113
"HUE68_HCMC_2010",116
"HUE68_HCMC_2010",118
"HUE68_HCMC_2010",170
"HUE68_HCMC_2010",175
"HUE68_HCMC_2010",182
"HUE68_HCMC_2010",198
"HUE68_HCMC_2010",211
"HUE68_HCMC_2010",215
"HUE68_HCMC_2010",226
"HUE68_HCMC_2010",229
"HUE68_HCMC_2010",255
"HUE68_HCMC_2010",270
"HUE68_HCMC_2010",271
"HUE68_HCMC_2010",281
"HUE68_HCMC_2010",282
"HUE68_HCMC_2010",292
"HUE68_HCMC_2010",318
"HUE68_HCMC_2010",325
"HUE68_HCMC_2010",329
"HUE68_HCMC_2010",351
"HUE68_HCMC_2010",353
"HUE68_HCMC_2010",364
"HUE68_HCMC_2010",369
"IB1_Korea_2003",9
"IB1_Korea_2003",14
"IB1_Korea_2003",24
"IB1_Korea_2003",29
"IB1_Korea_2003",40
"IB1_Korea_2003",51
"IB1_Korea_2003",113
"IB1_Korea_2003",122
"IB1_Korea_2003",132
"IB1_Korea_2003",137
"IB1_Korea_2003",153
"IB1_Korea_2003",160
"IB1_Korea_2003",174
"IB1_Korea_2003",176
"IB1_Korea_2003",182
"IB1_Korea_2003",183
"IB1_Korea_2003",198
"IB1_Korea_2003",199
"IB1_Korea_2003",208
"IB1_Korea_2003",235
"IB1_Korea_2003",258
"IB1_Korea_2003",290
"IB1_Korea_2003",321
"IB1_Korea_2003",372
"IB10_Korea_2003",9
"IB10_Korea_2003",24
"IB10_Korea_2003",29
"IB10_Korea_2003",93
"IB10_Korea_2003",113
"IB10_Korea_2003",132
"IB10_Korea_2003",135
"IB10_Korea_2003",137
"IB10_Korea_2003",138
"IB10_Korea_2003",139
"IB10_Korea_2003",153
"IB10_Korea_2003",160
"IB10_Korea_2003",165
"IB10_Korea_2003",174
"IB10_Korea_2003",182
"IB10_Korea_2003",183
"IB10_Korea_2003",198
"IB10_Korea_2003",208
"IB10_Korea_2003",243
"IB10_Korea_2003",256
"IB10_Korea_2003",285
"IB10_Korea_2003",290
"IB10_Korea_2003",293
"IB10_Korea_2003",308
"IB10_Korea_2003",310
"IB10_Korea_2003",330
"IB10_Korea_2003",366
"IB10_Korea_2003",372
"IB10_Korea_2003",373
"IB1970_Vietnam_2001",9
"IB1970_Vietnam_2001",16
"IB1970_Vietnam_2001",24
"IB1970_Vietnam_2001",34
"IB1970_Vietnam_2001",113
"IB1970_Vietnam_2001",167
"IB1970_Vietnam_2001",182
"IB1970_Vietnam_2001",196
"IB1970_Vietnam_2001",198
"IB1970_Vietnam_2001",219
"IB1970_Vietnam_2001",237
"IB1970_Vietnam_2001",327
"IB1970_Vietnam_2001",351
"IB1976_Vietnam_2002",2
"IB1976_Vietnam_2002",3
"IB1976_Vietnam_2002",9
"IB1976_Vietnam_2002",10
"IB1976_Vietnam_2002",19
"IB1976_Vietnam_2002",22
"IB1976_Vietnam_2002",24
"IB1976_Vietnam_2002",26
"IB1976_Vietnam_2002",43
"IB1976_Vietnam_2002",47
"IB1976_Vietnam_2002",76
"IB1976_Vietnam_2002",86
"IB1976_Vietnam_2002",88
"IB1976_Vietnam_2002",113
"IB1976_Vietnam_2002",119
"IB1976_Vietnam_2002",121
"IB1976_Vietnam_2002",130
"IB1976_Vietnam_2002",158
"IB1976_Vietnam_2002",159
"IB1976_Vietnam_2002",182
"IB1976_Vietnam_2002",185
"IB1976_Vietnam_2002",187
"IB1976_Vietnam_2002",198
"IB1976_Vietnam_2002",209
"IB1976_Vietnam_2002",213
"IB1976_Vietnam_2002",220
"IB1976_Vietnam_2002",224
"IB1976_Vietnam_2002",225
"IB1976_Vietnam_2002",228
"IB1976_Vietnam_2002",234
"IB1976_Vietnam_2002",239
"IB1976_Vietnam_2002",248
"IB1976_Vietnam_2002",279
"IB1976_Vietnam_2002",322
"IB1976_Vietnam_2002",333
"IB1976_Vietnam_2002",335
"IB1976_Vietnam_2002",344
"IB1976_Vietnam_2002",349
"IB1976_Vietnam_2002",351
"IB1980_Vietnam_2002",6
"IB1980_Vietnam_2002",9
"IB1980_Vietnam_2002",11
"IB1980_Vietnam_2002",16
"IB1980_Vietnam_2002",24
"IB1980_Vietnam_2002",34
"IB1980_Vietnam_2002",54
"IB1980_Vietnam_2002",68
"IB1980_Vietnam_2002",92
"IB1980_Vietnam_2002",113
"IB1980_Vietnam_2002",131
"IB1980_Vietnam_2002",154
"IB1980_Vietnam_2002",182
"IB1980_Vietnam_2002",196
"IB1980_Vietnam_2002",198
"IB1980_Vietnam_2002",202
"IB1980_Vietnam_2002",214
"IB1980_Vietnam_2002",223
"IB1980_Vietnam_2002",259
"IB1980_Vietnam_2002",260
"IB1980_Vietnam_2002",297
"IB1980_Vietnam_2002",332
"IB1980_Vietnam_2002",350
"IB1980_Vietnam_2002",351
"IB1980_Vietnam_2002",378
"IB1985_Vietnam_2002",9
"IB1985_Vietnam_2002",16
"IB1985_Vietnam_2002",24
"IB1985_Vietnam_2002",34
"IB1985_Vietnam_2002",113
"IB1985_Vietnam_2002",182
"IB1985_Vietnam_2002",196
"IB1985_Vietnam_2002",198
"IB1985_Vietnam_2002",219
"IB1985_Vietnam_2002",327
"IB1985_Vietnam_2002",351
"IB1987_Vietnam_2002",9
"IB1987_Vietnam_2002",16
"IB1987_Vietnam_2002",24
"IB1987_Vietnam_2002",34
"IB1987_Vietnam_2002",55
"IB1987_Vietnam_2002",66
"IB1987_Vietnam_2002",74
"IB1987_Vietnam_2002",78
"IB1987_Vietnam_2002",113
"IB1987_Vietnam_2002",140
"IB1987_Vietnam_2002",171
"IB1987_Vietnam_2002",182
"IB1987_Vietnam_2002",198
"IB1987_Vietnam_2002",206
"IB1987_Vietnam_2002",210
"IB1987_Vietnam_2002",244
"IB1987_Vietnam_2002",261
"IB1987_Vietnam_2002",309
"IB1987_Vietnam_2002",341
"IB1987_Vietnam_2002",351
"IB1987_Vietnam_2002",355
"IB1987_Vietnam_2002",368
"IB1990_Vietnam_2003",9
"IB1990_Vietnam_2003",16
"IB1990_Vietnam_2003",24
"IB1990_Vietnam_2003",34
"IB1990_Vietnam_2003",75
"IB1990_Vietnam_2003",113
"IB1990_Vietnam_2003",182
"IB1990_Vietnam_2003",196
"IB1990_Vietnam_2003",198
"IB1990_Vietnam_2003",219
"IB1990_Vietnam_2003",327
"IB1990_Vietnam_2003",351
"IB1993_Vietnam_2003",9
"IB1993_Vietnam_2003",24
"IB1993_Vietnam_2003",29
"IB1993_Vietnam_2003",93
"IB1993_Vietnam_2003",113
"IB1993_Vietnam_2003",132
"IB1993_Vietnam_2003",135
"IB1993_Vietnam_2003",138
"IB1993_Vietnam_2003",165
"IB1993_Vietnam_2003",182
"IB1993_Vietnam_2003",183
"IB1993_Vietnam_2003",198
"IB1993_Vietnam_2003",208
"IB1993_Vietnam_2003",256
"IB1993_Vietnam_2003",285
"IB1993_Vietnam_2003",290
"IB1993_Vietnam_2003",308
"IB1993_Vietnam_2003",310
"IB1993_Vietnam_2003",330
"IB1993_Vietnam_2003",371
"IB1993_Vietnam_2003",372
"IB1995_Vietnam_2003",9
"IB1995_Vietnam_2003",16
"IB1995_Vietnam_2003",24
"IB1995_Vietnam_2003",34
"IB1995_Vietnam_2003",101
"IB1995_Vietnam_2003",113
"IB1995_Vietnam_2003",182
"IB1995_Vietnam_2003",196
"IB1995_Vietnam_2003",198
"IB1995_Vietnam_2003",219
"IB1995_Vietnam_2003",327
"IB1995_Vietnam_2003",351
"IB1997_Vietnam_2003",9
"IB1997_Vietnam_2003",16
"IB1997_Vietnam_2003",24
"IB1997_Vietnam_2003",34
"IB1997_Vietnam_2003",113
"IB1997_Vietnam_2003",182
"IB1997_Vietnam_2003",196
"IB1997_Vietnam_2003",198
"IB1997_Vietnam_2003",219
"IB1997_Vietnam_2003",327
"IB1997_Vietnam_2003",351
"IB2_Korea_2003",9
"IB2_Korea_2003",16
"IB2_Korea_2003",24
"IB2_Korea_2003",34
"IB2_Korea_2003",113
"IB2_Korea_2003",182
"IB2_Korea_2003",196
"IB2_Korea_2003",198
"IB2_Korea_2003",219
"IB2_Korea_2003",327
"IB2_Korea_2003",351
"IB2000_Vietnam_2003",9
"IB2000_Vietnam_2003",12
"IB2000_Vietnam_2003",13
"IB2000_Vietnam_2003",16
"IB2000_Vietnam_2003",24
"IB2000_Vietnam_2003",28
"IB2000_Vietnam_2003",34
"IB2000_Vietnam_2003",49
"IB2000_Vietnam_2003",70
"IB2000_Vietnam_2003",91
"IB2000_Vietnam_2003",113
"IB2000_Vietnam_2003",124
"IB2000_Vietnam_2003",142
"IB2000_Vietnam_2003",166
"IB2000_Vietnam_2003",182
"IB2000_Vietnam_2003",196
"IB2000_Vietnam_2003",198
"IB2000_Vietnam_2003",251
"IB2000_Vietnam_2003",253
"IB2000_Vietnam_2003",265
"IB2000_Vietnam_2003",351
"IB2000_Vietnam_2003",376
"IB2000_Vietnam_2003",385
"IB2004_Vietnam_2003",9
"IB2004_Vietnam_2003",24
"IB2004_Vietnam_2003",29
"IB2004_Vietnam_2003",93
"IB2004_Vietnam_2003",113
"IB2004_Vietnam_2003",132
"IB2004_Vietnam_2003",135
"IB2004_Vietnam_2003",137
"IB2004_Vietnam_2003",138
"IB2004_Vietnam_2003",139
"IB2004_Vietnam_2003",153
"IB2004_Vietnam_2003",160
"IB2004_Vietnam_2003",165
"IB2004_Vietnam_2003",174
"IB2004_Vietnam_2003",182
"IB2004_Vietnam_2003",183
"IB2004_Vietnam_2003",198
"IB2004_Vietnam_2003",208
"IB2004_Vietnam_2003",243
"IB2004_Vietnam_2003",256
"IB2004_Vietnam_2003",285
"IB2004_Vietnam_2003",290
"IB2004_Vietnam_2003",293
"IB2004_Vietnam_2003",308
"IB2004_Vietnam_2003",310
"IB2004_Vietnam_2003",330
"IB2004_Vietnam_2003",366
"IB2004_Vietnam_2003",372
"IB2004_Vietnam_2003",373
"IB2008_Vietnam_2003",9
"IB2008_Vietnam_2003",24
"IB2008_Vietnam_2003",52
"IB2008_Vietnam_2003",53
"IB2008_Vietnam_2003",63
"IB2008_Vietnam_2003",113
"IB2008_Vietnam_2003",173
"IB2008_Vietnam_2003",182
"IB2008_Vietnam_2003",189
"IB2008_Vietnam_2003",198
"IB2008_Vietnam_2003",201
"IB2008_Vietnam_2003",274
"IB2008_Vietnam_2003",276
"IB2008_Vietnam_2003",277
"IB2008_Vietnam_2003",278
"IB2008_Vietnam_2003",287
"IB2008_Vietnam_2003",305
"IB2008_Vietnam_2003",317
"IB2008_Vietnam_2003",357
"IB2008_Vietnam_2003",370
"IB2009_Vietnam_2003",9
"IB2009_Vietnam_2003",16
"IB2009_Vietnam_2003",24
"IB2009_Vietnam_2003",34
"IB2009_Vietnam_2003",113
"IB2009_Vietnam_2003",182
"IB2009_Vietnam_2003",196
"IB2009_Vietnam_2003",198
"IB2009_Vietnam_2003",219
"IB2009_Vietnam_2003",327
"IB2009_Vietnam_2003",351
"IB2012_Vietnam_2001",9
"IB2012_Vietnam_2001",24
"IB2012_Vietnam_2001",29
"IB2012_Vietnam_2001",39
"IB2012_Vietnam_2001",45
"IB2012_Vietnam_2001",113
"IB2012_Vietnam_2001",126
"IB2012_Vietnam_2001",132
"IB2012_Vietnam_2001",134
"IB2012_Vietnam_2001",137
"IB2012_Vietnam_2001",148
"IB2012_Vietnam_2001",153
"IB2012_Vietnam_2001",160
"IB2012_Vietnam_2001",174
"IB2012_Vietnam_2001",182
"IB2012_Vietnam_2001",183
"IB2012_Vietnam_2001",198
"IB2012_Vietnam_2001",208
"IB2012_Vietnam_2001",212
"IB2012_Vietnam_2001",275
"IB2012_Vietnam_2001",290
"IB2012_Vietnam_2001",315
"IB2012_Vietnam_2001",372
"IB2013_Vietnam_2001",9
"IB2013_Vietnam_2001",16
"IB2013_Vietnam_2001",24
"IB2013_Vietnam_2001",34
"IB2013_Vietnam_2001",99
"IB2013_Vietnam_2001",113
"IB2013_Vietnam_2001",182
"IB2013_Vietnam_2001",196
"IB2013_Vietnam_2001",198
"IB2013_Vietnam_2001",219
"IB2013_Vietnam_2001",327
"IB2013_Vietnam_2001",351
"IB2015_Vietnam_2002",9
"IB2015_Vietnam_2002",16
"IB2015_Vietnam_2002",24
"IB2015_Vietnam_2002",34
"IB2015_Vietnam_2002",113
"IB2015_Vietnam_2002",182
"IB2015_Vietnam_2002",196
"IB2015_Vietnam_2002",198
"IB2015_Vietnam_2002",219
"IB2015_Vietnam_2002",327
"IB2015_Vietnam_2002",351
"IB2018_Vietnam_2002",9
"IB2018_Vietnam_2002",15
"IB2018_Vietnam_2002",24
"IB2018_Vietnam_2002",52
"IB2018_Vietnam_2002",67
"IB2018_Vietnam_2002",87
"IB2018_Vietnam_2002",106
"IB2018_Vietnam_2002",113
"IB2018_Vietnam_2002",173
"IB2018_Vietnam_2002",182
"IB2018_Vietnam_2002",188
"IB2018_Vietnam_2002",189
"IB2018_Vietnam_2002",190
"IB2018_Vietnam_2002",198
"IB2018_Vietnam_2002",272
"IB2018_Vietnam_2002",274
"IB2018_Vietnam_2002",277
"IB2018_Vietnam_2002",278
"IB2018_Vietnam_2002",287
"IB2018_Vietnam_2002",305
"IB2018_Vietnam_2002",337
"IB2018_Vietnam_2002",357
"IB2024_Vietnam_2002",9
"IB2024_Vietnam_2002",20
"IB2024_Vietnam_2002",21
"IB2024_Vietnam_2002",24
"IB2024_Vietnam_2002",26
"IB2024_Vietnam_2002",43
"IB2024_Vietnam_2002",48
"IB2024_Vietnam_2002",61
"IB2024_Vietnam_2002",86
"IB2024_Vietnam_2002",88
"IB2024_Vietnam_2002",113
"IB2024_Vietnam_2002",120
"IB2024_Vietnam_2002",130
"IB2024_Vietnam_2002",149
"IB2024_Vietnam_2002",159
"IB2024_Vietnam_2002",179
"IB2024_Vietnam_2002",181
"IB2024_Vietnam_2002",182
"IB2024_Vietnam_2002",185
"IB2024_Vietnam_2002",198
"IB2024_Vietnam_2002",234
"IB2024_Vietnam_2002",245
"IB2024_Vietnam_2002",248
"IB2024_Vietnam_2002",312
"IB2024_Vietnam_2002",349
"IB2024_Vietnam_2002",351
"IB2024_Vietnam_2002",354
"IB2024_Vietnam_2002",365
"IB2024_Vietnam_2002",379
"IB2026_Vietnam_2003",4
"IB2026_Vietnam_2003",9
"IB2026_Vietnam_2003",24
"IB2026_Vietnam_2003",33
"IB2026_Vietnam_2003",36
"IB2026_Vietnam_2003",52
"IB2026_Vietnam_2003",103
"IB2026_Vietnam_2003",105
"IB2026_Vietnam_2003",107
"IB2026_Vietnam_2003",113
"IB2026_Vietnam_2003",169
"IB2026_Vietnam_2003",172
"IB2026_Vietnam_2003",182
"IB2026_Vietnam_2003",189
"IB2026_Vietnam_2003",198
"IB2026_Vietnam_2003",200
"IB2026_Vietnam_2003",232
"IB2026_Vietnam_2003",233
"IB2026_Vietnam_2003",274
"IB2026_Vietnam_2003",277
"IB2026_Vietnam_2003",278
"IB2026_Vietnam_2003",287
"IB2026_Vietnam_2003",294
"IB2026_Vietnam_2003",307
"IB2493_Korea_NA",9
"IB2493_Korea_NA",16
"IB2493_Korea_NA",24
"IB2493_Korea_NA",34
"IB2493_Korea_NA",113
"IB2493_Korea_NA",182
"IB2493_Korea_NA",196
"IB2493_Korea_NA",198
"IB2493_Korea_NA",219
"IB2493_Korea_NA",303
"IB2493_Korea_NA",327
"IB2493_Korea_NA",351
"IB3_Korea_2003",9
"IB3_Korea_2003",16
"IB3_Korea_2003",24
"IB3_Korea_2003",34
"IB3_Korea_2003",74
"IB3_Korea_2003",113
"IB3_Korea_2003",140
"IB3_Korea_2003",171
"IB3_Korea_2003",182
"IB3_Korea_2003",198
"IB3_Korea_2003",309
"IB3_Korea_2003",341
"IB3_Korea_2003",351
"IB3277_Pakistan_2002",9
"IB3277_Pakistan_2002",15
"IB3277_Pakistan_2002",24
"IB3277_Pakistan_2002",52
"IB3277_Pakistan_2002",106
"IB3277_Pakistan_2002",113
"IB3277_Pakistan_2002",173
"IB3277_Pakistan_2002",182
"IB3277_Pakistan_2002",189
"IB3277_Pakistan_2002",198
"IB3277_Pakistan_2002",222
"IB3277_Pakistan_2002",274
"IB3277_Pakistan_2002",277
"IB3277_Pakistan_2002",278
"IB3277_Pakistan_2002",287
"IB3277_Pakistan_2002",305
"IB3277_Pakistan_2002",337
"IB3300_Pakistan_2002",9
"IB3300_Pakistan_2002",15
"IB3300_Pakistan_2002",24
"IB3300_Pakistan_2002",52
"IB3300_Pakistan_2002",67
"IB3300_Pakistan_2002",106
"IB3300_Pakistan_2002",113
"IB3300_Pakistan_2002",173
"IB3300_Pakistan_2002",182
"IB3300_Pakistan_2002",189
"IB3300_Pakistan_2002",198
"IB3300_Pakistan_2002",274
"IB3300_Pakistan_2002",277
"IB3300_Pakistan_2002",278
"IB3300_Pakistan_2002",287
"IB3300_Pakistan_2002",305
"IB3300_Pakistan_2002",337
"IB3374_Pakistan_2002",9
"IB3374_Pakistan_2002",16
"IB3374_Pakistan_2002",24
"IB3374_Pakistan_2002",34
"IB3374_Pakistan_2002",99
"IB3374_Pakistan_2002",113
"IB3374_Pakistan_2002",182
"IB3374_Pakistan_2002",196
"IB3374_Pakistan_2002",198
"IB3374_Pakistan_2002",219
"IB3374_Pakistan_2002",327
"IB3374_Pakistan_2002",351
"IB3488_Pakistan_2003",9
"IB3488_Pakistan_2003",24
"IB3488_Pakistan_2003",25
"IB3488_Pakistan_2003",26
"IB3488_Pakistan_2003",86
"IB3488_Pakistan_2003",88
"IB3488_Pakistan_2003",94
"IB3488_Pakistan_2003",97
"IB3488_Pakistan_2003",113
"IB3488_Pakistan_2003",130
"IB3488_Pakistan_2003",156
"IB3488_Pakistan_2003",177
"IB3488_Pakistan_2003",182
"IB3488_Pakistan_2003",185
"IB3488_Pakistan_2003",195
"IB3488_Pakistan_2003",198
"IB3488_Pakistan_2003",234
"IB3488_Pakistan_2003",349
"IB3488_Pakistan_2003",351
"IB3507_Pakistan_2003",2
"IB3507_Pakistan_2003",3
"IB3507_Pakistan_2003",9
"IB3507_Pakistan_2003",10
"IB3507_Pakistan_2003",19
"IB3507_Pakistan_2003",24
"IB3507_Pakistan_2003",26
"IB3507_Pakistan_2003",43
"IB3507_Pakistan_2003",47
"IB3507_Pakistan_2003",86
"IB3507_Pakistan_2003",88
"IB3507_Pakistan_2003",113
"IB3507_Pakistan_2003",119
"IB3507_Pakistan_2003",121
"IB3507_Pakistan_2003",130
"IB3507_Pakistan_2003",158
"IB3507_Pakistan_2003",159
"IB3507_Pakistan_2003",180
"IB3507_Pakistan_2003",182
"IB3507_Pakistan_2003",185
"IB3507_Pakistan_2003",187
"IB3507_Pakistan_2003",198
"IB3507_Pakistan_2003",209
"IB3507_Pakistan_2003",213
"IB3507_Pakistan_2003",220
"IB3507_Pakistan_2003",224
"IB3507_Pakistan_2003",225
"IB3507_Pakistan_2003",228
"IB3507_Pakistan_2003",234
"IB3507_Pakistan_2003",248
"IB3507_Pakistan_2003",279
"IB3507_Pakistan_2003",322
"IB3507_Pakistan_2003",335
"IB3507_Pakistan_2003",344
"IB3507_Pakistan_2003",349
"IB3507_Pakistan_2003",351
"IB3580_Pakistan_2003",9
"IB3580_Pakistan_2003",24
"IB3580_Pakistan_2003",29
"IB3580_Pakistan_2003",93
"IB3580_Pakistan_2003",113
"IB3580_Pakistan_2003",132
"IB3580_Pakistan_2003",135
"IB3580_Pakistan_2003",137
"IB3580_Pakistan_2003",138
"IB3580_Pakistan_2003",153
"IB3580_Pakistan_2003",160
"IB3580_Pakistan_2003",174
"IB3580_Pakistan_2003",182
"IB3580_Pakistan_2003",183
"IB3580_Pakistan_2003",198
"IB3580_Pakistan_2003",208
"IB3580_Pakistan_2003",243
"IB3580_Pakistan_2003",256
"IB3580_Pakistan_2003",285
"IB3580_Pakistan_2003",290
"IB3580_Pakistan_2003",310
"IB3580_Pakistan_2003",330
"IB3580_Pakistan_2003",366
"IB3580_Pakistan_2003",372
"IB3599_Pakistan_2003",9
"IB3599_Pakistan_2003",16
"IB3599_Pakistan_2003",24
"IB3599_Pakistan_2003",34
"IB3599_Pakistan_2003",113
"IB3599_Pakistan_2003",182
"IB3599_Pakistan_2003",196
"IB3599_Pakistan_2003",198
"IB3599_Pakistan_2003",219
"IB3599_Pakistan_2003",246
"IB3599_Pakistan_2003",327
"IB3599_Pakistan_2003",351
"IB48279_France_NA",9
"IB48279_France_NA",12
"IB48279_France_NA",13
"IB48279_France_NA",16
"IB48279_France_NA",24
"IB48279_France_NA",28
"IB48279_France_NA",34
"IB48279_France_NA",49
"IB48279_France_NA",70
"IB48279_France_NA",91
"IB48279_France_NA",113
"IB48279_France_NA",124
"IB48279_France_NA",142
"IB48279_France_NA",166
"IB48279_France_NA",182
"IB48279_France_NA",193
"IB48279_France_NA",196
"IB48279_France_NA",198
"IB48279_France_NA",251
"IB48279_France_NA",253
"IB48279_France_NA",265
"IB48279_France_NA",351
"IB48279_France_NA",376
"IB48279_France_NA",385
"IB681_Korea_1991",9
"IB681_Korea_1991",16
"IB681_Korea_1991",24
"IB681_Korea_1991",31
"IB681_Korea_1991",34
"IB681_Korea_1991",113
"IB681_Korea_1991",114
"IB681_Korea_1991",182
"IB681_Korea_1991",196
"IB681_Korea_1991",198
"IB681_Korea_1991",219
"IB681_Korea_1991",291
"IB681_Korea_1991",327
"IB681_Korea_1991",351
"IB683_Korea_1994",9
"IB683_Korea_1994",24
"IB683_Korea_1994",29
"IB683_Korea_1994",93
"IB683_Korea_1994",113
"IB683_Korea_1994",132
"IB683_Korea_1994",135
"IB683_Korea_1994",137
"IB683_Korea_1994",138
"IB683_Korea_1994",139
"IB683_Korea_1994",153
"IB683_Korea_1994",160
"IB683_Korea_1994",165
"IB683_Korea_1994",174
"IB683_Korea_1994",182
"IB683_Korea_1994",183
"IB683_Korea_1994",198
"IB683_Korea_1994",208
"IB683_Korea_1994",243
"IB683_Korea_1994",256
"IB683_Korea_1994",285
"IB683_Korea_1994",290
"IB683_Korea_1994",293
"IB683_Korea_1994",308
"IB683_Korea_1994",310
"IB683_Korea_1994",330
"IB683_Korea_1994",366
"IB683_Korea_1994",371
"IB683_Korea_1994",372
"IB683_Korea_1994",373
"IB687_Korea_1998",9
"IB687_Korea_1998",16
"IB687_Korea_1998",24
"IB687_Korea_1998",34
"IB687_Korea_1998",113
"IB687_Korea_1998",182
"IB687_Korea_1998",196
"IB687_Korea_1998",198
"IB687_Korea_1998",219
"IB687_Korea_1998",327
"IB687_Korea_1998",351
"IB690_Korea_2000",5
"IB690_Korea_2000",7
"IB690_Korea_2000",9
"IB690_Korea_2000",24
"IB690_Korea_2000",42
"IB690_Korea_2000",59
"IB690_Korea_2000",65
"IB690_Korea_2000",71
"IB690_Korea_2000",73
"IB690_Korea_2000",77
"IB690_Korea_2000",95
"IB690_Korea_2000",110
"IB690_Korea_2000",113
"IB690_Korea_2000",116
"IB690_Korea_2000",118
"IB690_Korea_2000",175
"IB690_Korea_2000",182
"IB690_Korea_2000",198
"IB690_Korea_2000",207
"IB690_Korea_2000",211
"IB690_Korea_2000",229
"IB690_Korea_2000",255
"IB690_Korea_2000",270
"IB690_Korea_2000",271
"IB690_Korea_2000",281
"IB690_Korea_2000",282
"IB690_Korea_2000",288
"IB690_Korea_2000",318
"IB690_Korea_2000",325
"IB690_Korea_2000",329
"IB690_Korea_2000",336
"IB690_Korea_2000",339
"IB690_Korea_2000",345
"IB690_Korea_2000",348
"IB690_Korea_2000",351
"IB690_Korea_2000",352
"IB690_Korea_2000",353
"IB690_Korea_2000",358
"IB690_Korea_2000",364
"IB690_Korea_2000",369
"IB691_Korea_1999",9
"IB691_Korea_1999",24
"IB691_Korea_1999",29
"IB691_Korea_1999",113
"IB691_Korea_1999",132
"IB691_Korea_1999",182
"IB691_Korea_1999",198
"IB694_Korea_1979",9
"IB694_Korea_1979",24
"IB694_Korea_1979",52
"IB694_Korea_1979",63
"IB694_Korea_1979",113
"IB694_Korea_1979",173
"IB694_Korea_1979",182
"IB694_Korea_1979",189
"IB694_Korea_1979",198
"IB694_Korea_1979",274
"IB694_Korea_1979",276
"IB694_Korea_1979",277
"IB694_Korea_1979",278
"IB694_Korea_1979",287
"IB694_Korea_1979",305
"IB694_Korea_1979",317
"IB694_Korea_1979",334
"IB694_Korea_1979",370
"IB695_Korea_1983",9
"IB695_Korea_1983",16
"IB695_Korea_1983",24
"IB695_Korea_1983",34
"IB695_Korea_1983",113
"IB695_Korea_1983",182
"IB695_Korea_1983",196
"IB695_Korea_1983",198
"IB695_Korea_1983",219
"IB695_Korea_1983",327
"IB695_Korea_1983",351
"IB696_Korea_1980",9
"IB696_Korea_1980",16
"IB696_Korea_1980",24
"IB696_Korea_1980",34
"IB696_Korea_1980",89
"IB696_Korea_1980",113
"IB696_Korea_1980",182
"IB696_Korea_1980",196
"IB696_Korea_1980",198
"IB696_Korea_1980",219
"IB696_Korea_1980",327
"IB696_Korea_1980",351
"IB697_Korea_1982",9
"IB697_Korea_1982",16
"IB697_Korea_1982",24
"IB697_Korea_1982",34
"IB697_Korea_1982",113
"IB697_Korea_1982",182
"IB697_Korea_1982",196
"IB697_Korea_1982",198
"IB697_Korea_1982",204
"IB697_Korea_1982",219
"IB697_Korea_1982",295
"IB697_Korea_1982",327
"IB697_Korea_1982",342
"IB697_Korea_1982",351
"IB698_Korea_1983",9
"IB698_Korea_1983",16
"IB698_Korea_1983",24
"IB698_Korea_1983",34
"IB698_Korea_1983",113
"IB698_Korea_1983",125
"IB698_Korea_1983",182
"IB698_Korea_1983",196
"IB698_Korea_1983",198
"IB698_Korea_1983",219
"IB698_Korea_1983",327
"IB698_Korea_1983",351
"IB713_Korea_1981",9
"IB713_Korea_1981",16
"IB713_Korea_1981",24
"IB713_Korea_1981",34
"IB713_Korea_1981",101
"IB713_Korea_1981",113
"IB713_Korea_1981",182
"IB713_Korea_1981",196
"IB713_Korea_1981",198
"IB713_Korea_1981",219
"IB713_Korea_1981",299
"IB713_Korea_1981",327
"IB713_Korea_1981",351
"IB716_Korea_1981",9
"IB716_Korea_1981",16
"IB716_Korea_1981",24
"IB716_Korea_1981",34
"IB716_Korea_1981",113
"IB716_Korea_1981",182
"IB716_Korea_1981",196
"IB716_Korea_1981",198
"IB716_Korea_1981",219
"IB716_Korea_1981",327
"IB716_Korea_1981",351
"IB717_Korea_1982",9
"IB717_Korea_1982",16
"IB717_Korea_1982",24
"IB717_Korea_1982",34
"IB717_Korea_1982",90
"IB717_Korea_1982",101
"IB717_Korea_1982",113
"IB717_Korea_1982",182
"IB717_Korea_1982",196
"IB717_Korea_1982",198
"IB717_Korea_1982",219
"IB717_Korea_1982",327
"IB717_Korea_1982",351
"IB739_Korea_1985",9
"IB739_Korea_1985",16
"IB739_Korea_1985",24
"IB739_Korea_1985",34
"IB739_Korea_1985",113
"IB739_Korea_1985",182
"IB739_Korea_1985",196
"IB739_Korea_1985",198
"IB739_Korea_1985",219
"IB739_Korea_1985",327
"IB739_Korea_1985",351
"IB748_Korea_1987",9
"IB748_Korea_1987",13
"IB748_Korea_1987",16
"IB748_Korea_1987",24
"IB748_Korea_1987",28
"IB748_Korea_1987",34
"IB748_Korea_1987",49
"IB748_Korea_1987",70
"IB748_Korea_1987",91
"IB748_Korea_1987",113
"IB748_Korea_1987",124
"IB748_Korea_1987",142
"IB748_Korea_1987",166
"IB748_Korea_1987",182
"IB748_Korea_1987",196
"IB748_Korea_1987",198
"IB748_Korea_1987",251
"IB748_Korea_1987",253
"IB748_Korea_1987",265
"IB748_Korea_1987",351
"IB748_Korea_1987",376
"IB748_Korea_1987",385
"KH02_HCMC_2009",5
"KH02_HCMC_2009",9
"KH02_HCMC_2009",24
"KH02_HCMC_2009",30
"KH02_HCMC_2009",42
"KH02_HCMC_2009",50
"KH02_HCMC_2009",71
"KH02_HCMC_2009",73
"KH02_HCMC_2009",77
"KH02_HCMC_2009",95
"KH02_HCMC_2009",108
"KH02_HCMC_2009",113
"KH02_HCMC_2009",116
"KH02_HCMC_2009",117
"KH02_HCMC_2009",118
"KH02_HCMC_2009",129
"KH02_HCMC_2009",170
"KH02_HCMC_2009",175
"KH02_HCMC_2009",182
"KH02_HCMC_2009",198
"KH02_HCMC_2009",211
"KH02_HCMC_2009",217
"KH02_HCMC_2009",229
"KH02_HCMC_2009",255
"KH02_HCMC_2009",267
"KH02_HCMC_2009",270
"KH02_HCMC_2009",271
"KH02_HCMC_2009",281
"KH02_HCMC_2009",282
"KH02_HCMC_2009",306
"KH02_HCMC_2009",318
"KH02_HCMC_2009",324
"KH02_HCMC_2009",325
"KH02_HCMC_2009",329
"KH02_HCMC_2009",351
"KH02_HCMC_2009",353
"KH02_HCMC_2009",364
"KH02_HCMC_2009",369
"KH02_HCMC_2009",384
"KH04_HCMC_2009",37
"KH04_HCMC_2009",60
"KH04_HCMC_2009",64
"KH04_HCMC_2009",69
"KH04_HCMC_2009",82
"KH04_HCMC_2009",113
"KH04_HCMC_2009",115
"KH04_HCMC_2009",162
"KH04_HCMC_2009",182
"KH04_HCMC_2009",280
"KH05_HCMC_2009",9
"KH05_HCMC_2009",16
"KH05_HCMC_2009",24
"KH05_HCMC_2009",34
"KH05_HCMC_2009",112
"KH05_HCMC_2009",113
"KH05_HCMC_2009",114
"KH05_HCMC_2009",182
"KH05_HCMC_2009",196
"KH05_HCMC_2009",198
"KH05_HCMC_2009",219
"KH05_HCMC_2009",291
"KH05_HCMC_2009",327
"KH05_HCMC_2009",351
"KH06_HCMC_2009",9
"KH06_HCMC_2009",15
"KH06_HCMC_2009",24
"KH06_HCMC_2009",52
"KH06_HCMC_2009",67
"KH06_HCMC_2009",106
"KH06_HCMC_2009",113
"KH06_HCMC_2009",173
"KH06_HCMC_2009",182
"KH06_HCMC_2009",189
"KH06_HCMC_2009",198
"KH06_HCMC_2009",274
"KH06_HCMC_2009",277
"KH06_HCMC_2009",278
"KH06_HCMC_2009",287
"KH06_HCMC_2009",305
"KH06_HCMC_2009",337
"KH06_HCMC_2009",357
"KH06_HCMC_2009",362
"KH07_HCMC_2009",9
"KH07_HCMC_2009",16
"KH07_HCMC_2009",24
"KH07_HCMC_2009",34
"KH07_HCMC_2009",79
"KH07_HCMC_2009",113
"KH07_HCMC_2009",182
"KH07_HCMC_2009",196
"KH07_HCMC_2009",198
"KH07_HCMC_2009",219
"KH07_HCMC_2009",289
"KH07_HCMC_2009",327
"KH07_HCMC_2009",351
"KH09_HCMC_2009",9
"KH09_HCMC_2009",16
"KH09_HCMC_2009",24
"KH09_HCMC_2009",34
"KH09_HCMC_2009",99
"KH09_HCMC_2009",113
"KH09_HCMC_2009",182
"KH09_HCMC_2009",196
"KH09_HCMC_2009",198
"KH09_HCMC_2009",219
"KH09_HCMC_2009",316
"KH09_HCMC_2009",327
"KH09_HCMC_2009",351
"KH10_HCMC_2009",9
"KH10_HCMC_2009",15
"KH10_HCMC_2009",24
"KH10_HCMC_2009",52
"KH10_HCMC_2009",67
"KH10_HCMC_2009",98
"KH10_HCMC_2009",106
"KH10_HCMC_2009",113
"KH10_HCMC_2009",173
"KH10_HCMC_2009",182
"KH10_HCMC_2009",189
"KH10_HCMC_2009",198
"KH10_HCMC_2009",274
"KH10_HCMC_2009",277
"KH10_HCMC_2009",278
"KH10_HCMC_2009",287
"KH10_HCMC_2009",305
"KH10_HCMC_2009",337
"KH10_HCMC_2009",357
"KH11_HCMC_2009",9
"KH11_HCMC_2009",15
"KH11_HCMC_2009",24
"KH11_HCMC_2009",52
"KH11_HCMC_2009",67
"KH11_HCMC_2009",106
"KH11_HCMC_2009",113
"KH11_HCMC_2009",173
"KH11_HCMC_2009",182
"KH11_HCMC_2009",189
"KH11_HCMC_2009",198
"KH11_HCMC_2009",272
"KH11_HCMC_2009",274
"KH11_HCMC_2009",277
"KH11_HCMC_2009",278
"KH11_HCMC_2009",287
"KH11_HCMC_2009",305
"KH11_HCMC_2009",337
"KH11_HCMC_2009",357
"KH12_HCMC_2009",9
"KH12_HCMC_2009",16
"KH12_HCMC_2009",24
"KH12_HCMC_2009",34
"KH12_HCMC_2009",113
"KH12_HCMC_2009",136
"KH12_HCMC_2009",182
"KH12_HCMC_2009",196
"KH12_HCMC_2009",198
"KH12_HCMC_2009",219
"KH12_HCMC_2009",327
"KH12_HCMC_2009",351
"KH13_HCMC_2009",9
"KH13_HCMC_2009",24
"KH13_HCMC_2009",29
"KH13_HCMC_2009",113
"KH13_HCMC_2009",132
"KH13_HCMC_2009",182
"KH13_HCMC_2009",198
"KH13_HCMC_2009",290
"KH14_HCMC_2009",9
"KH14_HCMC_2009",12
"KH14_HCMC_2009",13
"KH14_HCMC_2009",16
"KH14_HCMC_2009",24
"KH14_HCMC_2009",28
"KH14_HCMC_2009",34
"KH14_HCMC_2009",49
"KH14_HCMC_2009",70
"KH14_HCMC_2009",91
"KH14_HCMC_2009",113
"KH14_HCMC_2009",124
"KH14_HCMC_2009",142
"KH14_HCMC_2009",166
"KH14_HCMC_2009",182
"KH14_HCMC_2009",196
"KH14_HCMC_2009",198
"KH14_HCMC_2009",251
"KH14_HCMC_2009",253
"KH14_HCMC_2009",265
"KH14_HCMC_2009",351
"KH14_HCMC_2009",376
"KH14_HCMC_2009",385
"KH15_HCMC_2009",9
"KH15_HCMC_2009",24
"KH15_HCMC_2009",29
"KH15_HCMC_2009",113
"KH15_HCMC_2009",132
"KH15_HCMC_2009",182
"KH15_HCMC_2009",198
"KH15_HCMC_2009",244
"KH15_HCMC_2009",290
"KH16_HCMC_2009",9
"KH16_HCMC_2009",16
"KH16_HCMC_2009",24
"KH16_HCMC_2009",34
"KH16_HCMC_2009",113
"KH16_HCMC_2009",127
"KH16_HCMC_2009",182
"KH16_HCMC_2009",196
"KH16_HCMC_2009",198
"KH16_HCMC_2009",219
"KH16_HCMC_2009",327
"KH16_HCMC_2009",351
"KH16_HCMC_2009",380
"KH17_HCMC_2009",9
"KH17_HCMC_2009",16
"KH17_HCMC_2009",24
"KH17_HCMC_2009",34
"KH17_HCMC_2009",113
"KH17_HCMC_2009",182
"KH17_HCMC_2009",196
"KH17_HCMC_2009",198
"KH17_HCMC_2009",219
"KH17_HCMC_2009",327
"KH17_HCMC_2009",351
"KH18_HCMC_2009",9
"KH18_HCMC_2009",16
"KH18_HCMC_2009",24
"KH18_HCMC_2009",34
"KH18_HCMC_2009",113
"KH18_HCMC_2009",178
"KH18_HCMC_2009",182
"KH18_HCMC_2009",196
"KH18_HCMC_2009",198
"KH18_HCMC_2009",219
"KH18_HCMC_2009",268
"KH18_HCMC_2009",291
"KH18_HCMC_2009",327
"KH18_HCMC_2009",347
"KH18_HCMC_2009",351
"KH19_HCMC_2009",9
"KH19_HCMC_2009",13
"KH19_HCMC_2009",16
"KH19_HCMC_2009",24
"KH19_HCMC_2009",34
"KH19_HCMC_2009",35
"KH19_HCMC_2009",49
"KH19_HCMC_2009",56
"KH19_HCMC_2009",57
"KH19_HCMC_2009",80
"KH19_HCMC_2009",84
"KH19_HCMC_2009",91
"KH19_HCMC_2009",96
"KH19_HCMC_2009",113
"KH19_HCMC_2009",141
"KH19_HCMC_2009",142
"KH19_HCMC_2009",155
"KH19_HCMC_2009",166
"KH19_HCMC_2009",182
"KH19_HCMC_2009",196
"KH19_HCMC_2009",197
"KH19_HCMC_2009",198
"KH19_HCMC_2009",216
"KH19_HCMC_2009",221
"KH19_HCMC_2009",251
"KH19_HCMC_2009",300
"KH19_HCMC_2009",340
"KH19_HCMC_2009",351
"KH19_HCMC_2009",383
"KH20_HCMC_2009",9
"KH20_HCMC_2009",16
"KH20_HCMC_2009",24
"KH20_HCMC_2009",27
"KH20_HCMC_2009",34
"KH20_HCMC_2009",83
"KH20_HCMC_2009",113
"KH20_HCMC_2009",182
"KH20_HCMC_2009",196
"KH20_HCMC_2009",198
"KH20_HCMC_2009",219
"KH20_HCMC_2009",327
"KH20_HCMC_2009",351
"KH21_HCMC_2009",9
"KH21_HCMC_2009",15
"KH21_HCMC_2009",24
"KH21_HCMC_2009",52
"KH21_HCMC_2009",106
"KH21_HCMC_2009",113
"KH21_HCMC_2009",145
"KH21_HCMC_2009",151
"KH21_HCMC_2009",173
"KH21_HCMC_2009",182
"KH21_HCMC_2009",189
"KH21_HCMC_2009",198
"KH21_HCMC_2009",272
"KH21_HCMC_2009",274
"KH21_HCMC_2009",277
"KH21_HCMC_2009",278
"KH21_HCMC_2009",287
"KH21_HCMC_2009",305
"KH21_HCMC_2009",337
"KH23_HCMC_2009",18
"KH23_HCMC_2009",113
"KH23_HCMC_2009",150
"KH23_HCMC_2009",157
"KH23_HCMC_2009",182
"KH23_HCMC_2009",283
"KH23_HCMC_2009",326
"KH23_HCMC_2009",374
"KH24_HCMC_2009",9
"KH24_HCMC_2009",24
"KH24_HCMC_2009",81
"KH24_HCMC_2009",113
"KH24_HCMC_2009",118
"KH24_HCMC_2009",182
"KH24_HCMC_2009",198
"KH24_HCMC_2009",211
"KH24_HCMC_2009",229
"KH24_HCMC_2009",240
"KH24_HCMC_2009",249
"KH24_HCMC_2009",271
"KH24_HCMC_2009",281
"KH24_HCMC_2009",323
"KH24_HCMC_2009",325
"KH24_HCMC_2009",351
"KH24_HCMC_2009",360
"KH25_HCMC_2009",2
"KH25_HCMC_2009",3
"KH25_HCMC_2009",9
"KH25_HCMC_2009",10
"KH25_HCMC_2009",19
"KH25_HCMC_2009",22
"KH25_HCMC_2009",24
"KH25_HCMC_2009",26
"KH25_HCMC_2009",43
"KH25_HCMC_2009",47
"KH25_HCMC_2009",76
"KH25_HCMC_2009",86
"KH25_HCMC_2009",88
"KH25_HCMC_2009",113
"KH25_HCMC_2009",119
"KH25_HCMC_2009",121
"KH25_HCMC_2009",130
"KH25_HCMC_2009",158
"KH25_HCMC_2009",159
"KH25_HCMC_2009",182
"KH25_HCMC_2009",185
"KH25_HCMC_2009",187
"KH25_HCMC_2009",198
"KH25_HCMC_2009",209
"KH25_HCMC_2009",213
"KH25_HCMC_2009",220
"KH25_HCMC_2009",224
"KH25_HCMC_2009",225
"KH25_HCMC_2009",228
"KH25_HCMC_2009",234
"KH25_HCMC_2009",248
"KH25_HCMC_2009",279
"KH25_HCMC_2009",322
"KH25_HCMC_2009",333
"KH25_HCMC_2009",335
"KH25_HCMC_2009",344
"KH25_HCMC_2009",349
"KH25_HCMC_2009",351
"KH26_HCMC_2009",2
"KH26_HCMC_2009",3
"KH26_HCMC_2009",9
"KH26_HCMC_2009",10
"KH26_HCMC_2009",19
"KH26_HCMC_2009",22
"KH26_HCMC_2009",24
"KH26_HCMC_2009",26
"KH26_HCMC_2009",43
"KH26_HCMC_2009",47
"KH26_HCMC_2009",76
"KH26_HCMC_2009",86
"KH26_HCMC_2009",88
"KH26_HCMC_2009",113
"KH26_HCMC_2009",119
"KH26_HCMC_2009",121
"KH26_HCMC_2009",130
"KH26_HCMC_2009",158
"KH26_HCMC_2009",159
"KH26_HCMC_2009",182
"KH26_HCMC_2009",185
"KH26_HCMC_2009",187
"KH26_HCMC_2009",198
"KH26_HCMC_2009",209
"KH26_HCMC_2009",213
"KH26_HCMC_2009",220
"KH26_HCMC_2009",224
"KH26_HCMC_2009",225
"KH26_HCMC_2009",228
"KH26_HCMC_2009",234
"KH26_HCMC_2009",248
"KH26_HCMC_2009",279
"KH26_HCMC_2009",322
"KH26_HCMC_2009",333
"KH26_HCMC_2009",335
"KH26_HCMC_2009",344
"KH26_HCMC_2009",349
"KH26_HCMC_2009",351
"KH27_HCMC_2009",9
"KH27_HCMC_2009",16
"KH27_HCMC_2009",24
"KH27_HCMC_2009",34
"KH27_HCMC_2009",113
"KH27_HCMC_2009",182
"KH27_HCMC_2009",196
"KH27_HCMC_2009",198
"KH27_HCMC_2009",219
"KH27_HCMC_2009",327
"KH27_HCMC_2009",351
"KH28_HCMC_2009",9
"KH28_HCMC_2009",16
"KH28_HCMC_2009",24
"KH28_HCMC_2009",34
"KH28_HCMC_2009",75
"KH28_HCMC_2009",113
"KH28_HCMC_2009",182
"KH28_HCMC_2009",196
"KH28_HCMC_2009",198
"KH28_HCMC_2009",219
"KH28_HCMC_2009",327
"KH28_HCMC_2009",351
"KH29_HCMC_2009",9
"KH29_HCMC_2009",16
"KH29_HCMC_2009",24
"KH29_HCMC_2009",34
"KH29_HCMC_2009",113
"KH29_HCMC_2009",182
"KH29_HCMC_2009",196
"KH29_HCMC_2009",198
"KH29_HCMC_2009",219
"KH29_HCMC_2009",327
"KH29_HCMC_2009",351
"KH30_HCMC_2009",9
"KH30_HCMC_2009",16
"KH30_HCMC_2009",24
"KH30_HCMC_2009",34
"KH30_HCMC_2009",113
"KH30_HCMC_2009",182
"KH30_HCMC_2009",196
"KH30_HCMC_2009",198
"KH30_HCMC_2009",219
"KH30_HCMC_2009",327
"KH30_HCMC_2009",351
"KH32_HCMC_2009",9
"KH32_HCMC_2009",16
"KH32_HCMC_2009",24
"KH32_HCMC_2009",34
"KH32_HCMC_2009",113
"KH32_HCMC_2009",182
"KH32_HCMC_2009",196
"KH32_HCMC_2009",198
"KH32_HCMC_2009",219
"KH32_HCMC_2009",327
"KH32_HCMC_2009",351
"KH33_HCMC_2009",9
"KH33_HCMC_2009",16
"KH33_HCMC_2009",23
"KH33_HCMC_2009",24
"KH33_HCMC_2009",34
"KH33_HCMC_2009",46
"KH33_HCMC_2009",113
"KH33_HCMC_2009",182
"KH33_HCMC_2009",196
"KH33_HCMC_2009",198
"KH33_HCMC_2009",219
"KH33_HCMC_2009",263
"KH33_HCMC_2009",296
"KH33_HCMC_2009",327
"KH33_HCMC_2009",343
"KH33_HCMC_2009",351
"KH34_HCMC_2009",4
"KH34_HCMC_2009",9
"KH34_HCMC_2009",24
"KH34_HCMC_2009",33
"KH34_HCMC_2009",36
"KH34_HCMC_2009",52
"KH34_HCMC_2009",103
"KH34_HCMC_2009",105
"KH34_HCMC_2009",107
"KH34_HCMC_2009",113
"KH34_HCMC_2009",169
"KH34_HCMC_2009",172
"KH34_HCMC_2009",182
"KH34_HCMC_2009",189
"KH34_HCMC_2009",198
"KH34_HCMC_2009",200
"KH34_HCMC_2009",232
"KH34_HCMC_2009",233
"KH34_HCMC_2009",274
"KH34_HCMC_2009",277
"KH34_HCMC_2009",278
"KH34_HCMC_2009",287
"KH34_HCMC_2009",294
"KH34_HCMC_2009",307
"KH37_HCMC_2009",9
"KH37_HCMC_2009",16
"KH37_HCMC_2009",24
"KH37_HCMC_2009",34
"KH37_HCMC_2009",99
"KH37_HCMC_2009",113
"KH37_HCMC_2009",182
"KH37_HCMC_2009",196
"KH37_HCMC_2009",198
"KH37_HCMC_2009",219
"KH37_HCMC_2009",327
"KH37_HCMC_2009",351
"KH38_HCMC_2009",9
"KH38_HCMC_2009",24
"KH38_HCMC_2009",52
"KH38_HCMC_2009",63
"KH38_HCMC_2009",113
"KH38_HCMC_2009",164
"KH38_HCMC_2009",173
"KH38_HCMC_2009",182
"KH38_HCMC_2009",189
"KH38_HCMC_2009",198
"KH38_HCMC_2009",205
"KH38_HCMC_2009",274
"KH38_HCMC_2009",276
"KH38_HCMC_2009",277
"KH38_HCMC_2009",278
"KH38_HCMC_2009",287
"KH38_HCMC_2009",305
"KH38_HCMC_2009",317
"KH40_HCMC_2009",1
"KH40_HCMC_2009",9
"KH40_HCMC_2009",24
"KH40_HCMC_2009",29
"KH40_HCMC_2009",38
"KH40_HCMC_2009",113
"KH40_HCMC_2009",132
"KH40_HCMC_2009",137
"KH40_HCMC_2009",153
"KH40_HCMC_2009",160
"KH40_HCMC_2009",174
"KH40_HCMC_2009",182
"KH40_HCMC_2009",183
"KH40_HCMC_2009",184
"KH40_HCMC_2009",198
"KH40_HCMC_2009",208
"KH40_HCMC_2009",247
"KH40_HCMC_2009",290
"KH40_HCMC_2009",304
"KH40_HCMC_2009",328
"KH40_HCMC_2009",372
"KH40_HCMC_2009",375
"KH41_HCMC_2009",2
"KH41_HCMC_2009",3
"KH41_HCMC_2009",9
"KH41_HCMC_2009",10
"KH41_HCMC_2009",19
"KH41_HCMC_2009",22
"KH41_HCMC_2009",24
"KH41_HCMC_2009",26
"KH41_HCMC_2009",43
"KH41_HCMC_2009",47
"KH41_HCMC_2009",76
"KH41_HCMC_2009",86
"KH41_HCMC_2009",88
"KH41_HCMC_2009",113
"KH41_HCMC_2009",119
"KH41_HCMC_2009",121
"KH41_HCMC_2009",130
"KH41_HCMC_2009",158
"KH41_HCMC_2009",159
"KH41_HCMC_2009",182
"KH41_HCMC_2009",185
"KH41_HCMC_2009",187
"KH41_HCMC_2009",198
"KH41_HCMC_2009",209
"KH41_HCMC_2009",213
"KH41_HCMC_2009",220
"KH41_HCMC_2009",224
"KH41_HCMC_2009",225
"KH41_HCMC_2009",228
"KH41_HCMC_2009",234
"KH41_HCMC_2009",248
"KH41_HCMC_2009",279
"KH41_HCMC_2009",322
"KH41_HCMC_2009",333
"KH41_HCMC_2009",335
"KH41_HCMC_2009",344
"KH41_HCMC_2009",349
"KH41_HCMC_2009",351
"KH42_HCMC_2010",9
"KH42_HCMC_2010",24
"KH42_HCMC_2010",26
"KH42_HCMC_2010",85
"KH42_HCMC_2010",86
"KH42_HCMC_2010",88
"KH42_HCMC_2010",113
"KH42_HCMC_2010",182
"KH42_HCMC_2010",185
"KH42_HCMC_2010",191
"KH42_HCMC_2010",198
"KH42_HCMC_2010",203
"KH42_HCMC_2010",234
"KH42_HCMC_2010",236
"KH42_HCMC_2010",349
"KH42_HCMC_2010",351
"KH42_HCMC_2010",377
"KH43_HCMC_2010",9
"KH43_HCMC_2010",17
"KH43_HCMC_2010",24
"KH43_HCMC_2010",41
"KH43_HCMC_2010",62
"KH43_HCMC_2010",113
"KH43_HCMC_2010",144
"KH43_HCMC_2010",147
"KH43_HCMC_2010",168
"KH43_HCMC_2010",182
"KH43_HCMC_2010",185
"KH43_HCMC_2010",194
"KH43_HCMC_2010",198
"KH43_HCMC_2010",227
"KH43_HCMC_2010",234
"KH43_HCMC_2010",238
"KH43_HCMC_2010",252
"KH43_HCMC_2010",254
"KH43_HCMC_2010",257
"KH43_HCMC_2010",286
"KH43_HCMC_2010",338
"KH43_HCMC_2010",351
"KH43_HCMC_2010",367
"KH43_HCMC_2010",382
"KH45_HCMC_2010",9
"KH45_HCMC_2010",24
"KH45_HCMC_2010",29
"KH45_HCMC_2010",58
"KH45_HCMC_2010",113
"KH45_HCMC_2010",132
"KH45_HCMC_2010",137
"KH45_HCMC_2010",143
"KH45_HCMC_2010",153
"KH45_HCMC_2010",160
"KH45_HCMC_2010",174
"KH45_HCMC_2010",182
"KH45_HCMC_2010",183
"KH45_HCMC_2010",198
"KH45_HCMC_2010",208
"KH45_HCMC_2010",231
"KH45_HCMC_2010",290
"KH45_HCMC_2010",372
"KH53_HCMC_2010",9
"KH53_HCMC_2010",16
"KH53_HCMC_2010",24
"KH53_HCMC_2010",34
"KH53_HCMC_2010",113
"KH53_HCMC_2010",182
"KH53_HCMC_2010",196
"KH53_HCMC_2010",198
"KH53_HCMC_2010",219
"KH53_HCMC_2010",246
"KH53_HCMC_2010",264
"KH53_HCMC_2010",327
"KH53_HCMC_2010",346
"KH53_HCMC_2010",351
"KH54_HCMC_2010",9
"KH54_HCMC_2010",16
"KH54_HCMC_2010",24
"KH54_HCMC_2010",34
"KH54_HCMC_2010",75
"KH54_HCMC_2010",113
"KH54_HCMC_2010",182
"KH54_HCMC_2010",196
"KH54_HCMC_2010",198
"KH54_HCMC_2010",219
"KH54_HCMC_2010",327
"KH54_HCMC_2010",351
"KH55_HCMC_2010",9
"KH55_HCMC_2010",16
"KH55_HCMC_2010",24
"KH55_HCMC_2010",34
"KH55_HCMC_2010",101
"KH55_HCMC_2010",113
"KH55_HCMC_2010",182
"KH55_HCMC_2010",196
"KH55_HCMC_2010",198
"KH55_HCMC_2010",219
"KH55_HCMC_2010",327
"KH55_HCMC_2010",351
"KH57_HCMC_2010",9
"KH57_HCMC_2010",16
"KH57_HCMC_2010",24
"KH57_HCMC_2010",34
"KH57_HCMC_2010",113
"KH57_HCMC_2010",182
"KH57_HCMC_2010",196
"KH57_HCMC_2010",198
"KH57_HCMC_2010",219
"KH57_HCMC_2010",327
"KH57_HCMC_2010",351
"MS0004_HCMC_1995",9
"MS0004_HCMC_1995",16
"MS0004_HCMC_1995",24
"MS0004_HCMC_1995",34
"MS0004_HCMC_1995",113
"MS0004_HCMC_1995",182
"MS0004_HCMC_1995",196
"MS0004_HCMC_1995",198
"MS0004_HCMC_1995",219
"MS0004_HCMC_1995",327
"MS0004_HCMC_1995",351
"MS0011_HCMC_1995",9
"MS0011_HCMC_1995",16
"MS0011_HCMC_1995",24
"MS0011_HCMC_1995",34
"MS0011_HCMC_1995",83
"MS0011_HCMC_1995",113
"MS0011_HCMC_1995",182
"MS0011_HCMC_1995",196
"MS0011_HCMC_1995",198
"MS0011_HCMC_1995",219
"MS0011_HCMC_1995",327
"MS0011_HCMC_1995",351
"MS0032_HCMC_1995",9
"MS0032_HCMC_1995",16
"MS0032_HCMC_1995",24
"MS0032_HCMC_1995",34
"MS0032_HCMC_1995",113
"MS0032_HCMC_1995",182
"MS0032_HCMC_1995",196
"MS0032_HCMC_1995",198
"MS0032_HCMC_1995",219
"MS0032_HCMC_1995",327
"MS0032_HCMC_1995",351
"MS0034_HCMC_1995",8
"MS0034_HCMC_1995",9
"MS0034_HCMC_1995",16
"MS0034_HCMC_1995",24
"MS0034_HCMC_1995",34
"MS0034_HCMC_1995",72
"MS0034_HCMC_1995",102
"MS0034_HCMC_1995",113
"MS0034_HCMC_1995",128
"MS0034_HCMC_1995",161
"MS0034_HCMC_1995",182
"MS0034_HCMC_1995",196
"MS0034_HCMC_1995",198
"MS0034_HCMC_1995",219
"MS0034_HCMC_1995",242
"MS0034_HCMC_1995",250
"MS0034_HCMC_1995",266
"MS0034_HCMC_1995",284
"MS0034_HCMC_1995",301
"MS0034_HCMC_1995",311
"MS0034_HCMC_1995",327
"MS0034_HCMC_1995",351
"MS0035_HCMC_1995",9
"MS0035_HCMC_1995",16
"MS0035_HCMC_1995",24
"MS0035_HCMC_1995",34
"MS0035_HCMC_1995",101
"MS0035_HCMC_1995",113
"MS0035_HCMC_1995",182
"MS0035_HCMC_1995",196
"MS0035_HCMC_1995",198
"MS0035_HCMC_1995",219
"MS0035_HCMC_1995",241
"MS0035_HCMC_1995",298
"MS0035_HCMC_1995",319
"MS0035_HCMC_1995",327
"MS0035_HCMC_1995",351
"MS0035_HCMC_1995",359
"MS0035_HCMC_1995",361
"MS0039_HCMC_1995",9
"MS0039_HCMC_1995",16
"MS0039_HCMC_1995",24
"MS0039_HCMC_1995",34
"MS0039_HCMC_1995",113
"MS0039_HCMC_1995",182
"MS0039_HCMC_1995",196
"MS0039_HCMC_1995",198
"MS0039_HCMC_1995",219
"MS0039_HCMC_1995",327
"MS0039_HCMC_1995",347
"MS0039_HCMC_1995",351
"MS0042_HCMC_1995",9
"MS0042_HCMC_1995",16
"MS0042_HCMC_1995",24
"MS0042_HCMC_1995",34
"MS0042_HCMC_1995",113
"MS0042_HCMC_1995",182
"MS0042_HCMC_1995",196
"MS0042_HCMC_1995",198
"MS0042_HCMC_1995",219
"MS0042_HCMC_1995",327
"MS0042_HCMC_1995",351
"MS0043_HCMC_1995",9
"MS0043_HCMC_1995",16
"MS0043_HCMC_1995",24
"MS0043_HCMC_1995",34
"MS0043_HCMC_1995",100
"MS0043_HCMC_1995",113
"MS0043_HCMC_1995",182
"MS0043_HCMC_1995",196
"MS0043_HCMC_1995",198
"MS0043_HCMC_1995",219
"MS0043_HCMC_1995",327
"MS0043_HCMC_1995",351
"MS0048_HCMC_1995",9
"MS0048_HCMC_1995",16
"MS0048_HCMC_1995",24
"MS0048_HCMC_1995",34
"MS0048_HCMC_1995",101
"MS0048_HCMC_1995",113
"MS0048_HCMC_1995",182
"MS0048_HCMC_1995",196
"MS0048_HCMC_1995",198
"MS0048_HCMC_1995",219
"MS0048_HCMC_1995",230
"MS0048_HCMC_1995",327
"MS0048_HCMC_1995",351
"MS0063_HCMC_1995",9
"MS0063_HCMC_1995",12
"MS0063_HCMC_1995",13
"MS0063_HCMC_1995",16
"MS0063_HCMC_1995",24
"MS0063_HCMC_1995",28
"MS0063_HCMC_1995",34
"MS0063_HCMC_1995",49
"MS0063_HCMC_1995",70
"MS0063_HCMC_1995",91
"MS0063_HCMC_1995",113
"MS0063_HCMC_1995",124
"MS0063_HCMC_1995",142
"MS0063_HCMC_1995",166
"MS0063_HCMC_1995",182
"MS0063_HCMC_1995",196
"MS0063_HCMC_1995",198
"MS0063_HCMC_1995",251
"MS0063_HCMC_1995",253
"MS0063_HCMC_1995",351
"MS0063_HCMC_1995",376
"MS0063_HCMC_1995",385
"MS0065_HCMC_1995",9
"MS0065_HCMC_1995",16
"MS0065_HCMC_1995",24
"MS0065_HCMC_1995",34
"MS0065_HCMC_1995",113
"MS0065_HCMC_1995",182
"MS0065_HCMC_1995",196
"MS0065_HCMC_1995",198
"MS0065_HCMC_1995",219
"MS0065_HCMC_1995",273
"MS0065_HCMC_1995",327
"MS0065_HCMC_1995",351
"MS0069_HCMC_1995",9
"MS0069_HCMC_1995",16
"MS0069_HCMC_1995",24
"MS0069_HCMC_1995",34
"MS0069_HCMC_1995",113
"MS0069_HCMC_1995",146
"MS0069_HCMC_1995",182
"MS0069_HCMC_1995",196
"MS0069_HCMC_1995",198
"MS0069_HCMC_1995",219
"MS0069_HCMC_1995",246
"MS0069_HCMC_1995",302
"MS0069_HCMC_1995",320
"MS0069_HCMC_1995",327
"MS0069_HCMC_1995",351
"MS0069_HCMC_1995",381
"MS0070_HCMC_1995",9
"MS0070_HCMC_1995",16
"MS0070_HCMC_1995",24
"MS0070_HCMC_1995",34
"MS0070_HCMC_1995",113
"MS0070_HCMC_1995",182
"MS0070_HCMC_1995",196
"MS0070_HCMC_1995",198
"MS0070_HCMC_1995",218
"MS0070_HCMC_1995",219
"MS0070_HCMC_1995",327
"MS0070_HCMC_1995",351
"MS0080_HCMC_1995",9
"MS0080_HCMC_1995",16
"MS0080_HCMC_1995",24
"MS0080_HCMC_1995",34
"MS0080_HCMC_1995",113
"MS0080_HCMC_1995",182
"MS0080_HCMC_1995",196
"MS0080_HCMC_1995",198
"MS0080_HCMC_1995",219
"MS0080_HCMC_1995",327
"MS0080_HCMC_1995",351
"MS0083_HCMC_1996",182
"MS0094_HCMC_1996",9
"MS0094_HCMC_1996",12
"MS0094_HCMC_1996",13
"MS0094_HCMC_1996",16
"MS0094_HCMC_1996",24
"MS0094_HCMC_1996",28
"MS0094_HCMC_1996",34
"MS0094_HCMC_1996",49
"MS0094_HCMC_1996",70
"MS0094_HCMC_1996",91
"MS0094_HCMC_1996",113
"MS0094_HCMC_1996",124
"MS0094_HCMC_1996",142
"MS0094_HCMC_1996",182
"MS0094_HCMC_1996",196
"MS0094_HCMC_1996",198
"MS0094_HCMC_1996",251
"MS0094_HCMC_1996",253
"MS0094_HCMC_1996",351
"MS0094_HCMC_1996",376
"MS0094_HCMC_1996",385
"MS0102_HCMC_1996",9
"MS0102_HCMC_1996",24
"MS0102_HCMC_1996",52
"MS0102_HCMC_1996",104
"MS0102_HCMC_1996",111
"MS0102_HCMC_1996",113
"MS0102_HCMC_1996",123
"MS0102_HCMC_1996",133
"MS0102_HCMC_1996",152
"MS0102_HCMC_1996",163
"MS0102_HCMC_1996",173
"MS0102_HCMC_1996",182
"MS0102_HCMC_1996",186
"MS0102_HCMC_1996",189
"MS0102_HCMC_1996",192
"MS0102_HCMC_1996",198
"MS0102_HCMC_1996",262
"MS0102_HCMC_1996",274
"MS0102_HCMC_1996",277
"MS0102_HCMC_1996",278
"MS0102_HCMC_1996",287
"MS0102_HCMC_1996",313
"MS0102_HCMC_1996",314
"MS0102_HCMC_1996",331
"MS0102_HCMC_1996",363
"MS0110_HCMC_1996",9
"MS0110_HCMC_1996",16
"MS0110_HCMC_1996",24
"MS0110_HCMC_1996",34
"MS0110_HCMC_1996",113
"MS0110_HCMC_1996",182
"MS0110_HCMC_1996",196
"MS0110_HCMC_1996",198
"MS0110_HCMC_1996",219
"MS0110_HCMC_1996",327
"MS0110_HCMC_1996",351
"MS0111_HCMC_1996",9
"MS0111_HCMC_1996",16
"MS0111_HCMC_1996",24
"MS0111_HCMC_1996",34
"MS0111_HCMC_1996",113
"MS0111_HCMC_1996",182
"MS0111_HCMC_1996",196
"MS0111_HCMC_1996",198
"MS0111_HCMC_1996",219
"MS0111_HCMC_1996",327
"MS0111_HCMC_1996",351
"MS0119_HCMC_1996",9
"MS0119_HCMC_1996",16
"MS0119_HCMC_1996",24
"MS0119_HCMC_1996",34
"MS0119_HCMC_1996",113
"MS0119_HCMC_1996",182
"MS0119_HCMC_1996",196
"MS0119_HCMC_1996",198
"MS0119_HCMC_1996",219
"MS0119_HCMC_1996",327
"MS0119_HCMC_1996",351
"MS0119_HCMC_1996",356
"MS0122_HCMC_1996",9
"MS0122_HCMC_1996",12
"MS0122_HCMC_1996",13
"MS0122_HCMC_1996",16
"MS0122_HCMC_1996",24
"MS0122_HCMC_1996",28
"MS0122_HCMC_1996",32
"MS0122_HCMC_1996",34
"MS0122_HCMC_1996",49
"MS0122_HCMC_1996",70
"MS0122_HCMC_1996",91
"MS0122_HCMC_1996",113
"MS0122_HCMC_1996",124
"MS0122_HCMC_1996",142
"MS0122_HCMC_1996",166
"MS0122_HCMC_1996",182
"MS0122_HCMC_1996",196
"MS0122_HCMC_1996",198
"MS0122_HCMC_1996",251
"MS0122_HCMC_1996",253
"MS0122_HCMC_1996",265
"MS0122_HCMC_1996",351
"MS0122_HCMC_1996",376
"MS0122_HCMC_1996",385
"MS0127_HCMC_1996",9
"MS0127_HCMC_1996",16
"MS0127_HCMC_1996",24
"MS0127_HCMC_1996",34
"MS0127_HCMC_1996",99
"MS0127_HCMC_1996",113
"MS0127_HCMC_1996",182
"MS0127_HCMC_1996",196
"MS0127_HCMC_1996",198
"MS0127_HCMC_1996",219
"MS0127_HCMC_1996",269
"MS0127_HCMC_1996",327
"MS0127_HCMC_1996",351
"MS0128_HCMC_1996",9
"MS0128_HCMC_1996",16
"MS0128_HCMC_1996",24
"MS0128_HCMC_1996",34
"MS0128_HCMC_1996",113
"MS0128_HCMC_1996",182
"MS0128_HCMC_1996",196
"MS0128_HCMC_1996",198
"MS0128_HCMC_1996",219
"MS0128_HCMC_1996",327
"MS0128_HCMC_1996",351
"pWR105_France_NA",9
"pWR105_France_NA",16
"pWR105_France_NA",24
"pWR105_France_NA",34
"pWR105_France_NA",113
"pWR105_France_NA",182
"pWR105_France_NA",196
"pWR105_France_NA",198
"pWR105_France_NA",219
"pWR105_France_NA",327
"pWR105_France_NA",351
"Ss046_Ref_1950",9
"Ss046_Ref_1950",24
"Ss046_Ref_1950",29
"Ss046_Ref_1950",44
"Ss046_Ref_1950",93
"Ss046_Ref_1950",113
"Ss046_Ref_1950",132
"Ss046_Ref_1950",135
"Ss046_Ref_1950",137
"Ss046_Ref_1950",138
"Ss046_Ref_1950",139
"Ss046_Ref_1950",153
"Ss046_Ref_1950",160
"Ss046_Ref_1950",165
"Ss046_Ref_1950",174
"Ss046_Ref_1950",182
"Ss046_Ref_1950",183
"Ss046_Ref_1950",198
"Ss046_Ref_1950",208
"Ss046_Ref_1950",243
"Ss046_Ref_1950",256
"Ss046_Ref_1950",285
"Ss046_Ref_1950",290
"Ss046_Ref_1950",293
"Ss046_Ref_1950",308
"Ss046_Ref_1950",310
"Ss046_Ref_1950",330
"Ss046_Ref_1950",366
"Ss046_Ref_1950",371
"Ss046_Ref_1950",372
"Ss046_Ref_1950",373
